Function Name,Level,Radare2,Ghidra,Angr_Fast,Angr_Emul,GCC
0002e6e0,Low-Level,Y,N,N,N/A,N/A
0002e6f0,Low-Level,Y,N,N,N/A,N/A
0002e700,Low-Level,Y,N,N,N/A,N/A
0x108,Low-Level,Y,N,N,N/A,N/A
0x110,Low-Level,Y,N,N,N/A,N/A
0x118,Low-Level,Y,N,N,N/A,N/A
0x120,Low-Level,Y,N,N,N/A,N/A
0x128,Low-Level,Y,N,N,N/A,N/A
0x138,Low-Level,Y,N,N,N/A,N/A
0x140,Low-Level,Y,N,N,N/A,N/A
0x148,Low-Level,Y,N,N,N/A,N/A
0x150,Low-Level,Y,N,N,N/A,N/A
0x160,Low-Level,Y,N,N,N/A,N/A
0x178,Low-Level,Y,N,N,N/A,N/A
0x18,Low-Level,Y,N,N,N/A,N/A
0x188,Low-Level,Y,N,N,N/A,N/A
0x198,Low-Level,Y,N,N,N/A,N/A
0x1a0,Low-Level,Y,N,N,N/A,N/A
0x1a8,Low-Level,Y,N,N,N/A,N/A
0x1b0,Low-Level,Y,N,N,N/A,N/A
0x1b8,Low-Level,Y,N,N,N/A,N/A
0x1c0,Low-Level,Y,N,N,N/A,N/A
0x1c8,Low-Level,Y,N,N,N/A,N/A
0x1d0,Low-Level,Y,N,N,N/A,N/A
0x1d8,Low-Level,Y,N,N,N/A,N/A
0x1e0,Low-Level,Y,N,N,N/A,N/A
0x1e8,Low-Level,Y,N,N,N/A,N/A
0x1f0,Low-Level,Y,N,N,N/A,N/A
0x1f8,Low-Level,Y,N,N,N/A,N/A
0x20,Low-Level,Y,N,N,N/A,N/A
0x200,Low-Level,Y,N,N,N/A,N/A
0x220,Low-Level,Y,N,N,N/A,N/A
0x230,Low-Level,Y,N,N,N/A,N/A
0x238,Low-Level,Y,N,N,N/A,N/A
0x250,Low-Level,Y,N,N,N/A,N/A
0x258,Low-Level,Y,N,N,N/A,N/A
0x268,Low-Level,Y,N,N,N/A,N/A
0x270,Low-Level,Y,N,N,N/A,N/A
0x278,Low-Level,Y,N,N,N/A,N/A
0x28,Low-Level,Y,N,N,N/A,N/A
0x290,Low-Level,Y,N,N,N/A,N/A
0x298,Low-Level,Y,N,N,N/A,N/A
0x2a0,Low-Level,Y,N,N,N/A,N/A
0x2b0,Low-Level,Y,N,N,N/A,N/A
0x2c8,Low-Level,Y,N,N,N/A,N/A
0x2d0,Low-Level,Y,N,N,N/A,N/A
0x2d8,Low-Level,Y,N,N,N/A,N/A
0x2e0,Low-Level,Y,N,N,N/A,N/A
0x2e8,Low-Level,Y,N,N,N/A,N/A
0x2f0,Low-Level,Y,N,N,N/A,N/A
0x300,Low-Level,Y,N,N,N/A,N/A
0x310,Low-Level,Y,N,N,N/A,N/A
0x318,Low-Level,Y,N,N,N/A,N/A
0x320,Low-Level,Y,N,N,N/A,N/A
0x328,Low-Level,Y,N,N,N/A,N/A
0x348,Low-Level,Y,N,N,N/A,N/A
0x350,Low-Level,Y,N,N,N/A,N/A
0x360,Low-Level,Y,N,N,N/A,N/A
0x368,Low-Level,Y,N,N,N/A,N/A
0x378,Low-Level,Y,N,N,N/A,N/A
0x38,Low-Level,Y,N,N,N/A,N/A
0x390,Low-Level,Y,N,N,N/A,N/A
0x3c0,Low-Level,Y,N,N,N/A,N/A
0x3d0,Low-Level,Y,N,N,N/A,N/A
0x3d8,Low-Level,Y,N,N,N/A,N/A
0x3e0,Low-Level,Y,N,N,N/A,N/A
0x48,Low-Level,Y,N,N,N/A,N/A
0x50,Low-Level,Y,N,N,N/A,N/A
0x58,Low-Level,Y,N,N,N/A,N/A
0x60,Low-Level,Y,N,N,N/A,N/A
0x68,Low-Level,Y,N,N,N/A,N/A
0x70,Low-Level,Y,N,N,N/A,N/A
0x78,Low-Level,Y,N,N,N/A,N/A
0x80,Low-Level,Y,N,N,N/A,N/A
0x878,Low-Level,Y,N,N,N/A,N/A
0x88,Low-Level,Y,N,N,N/A,N/A
0x880,Low-Level,Y,N,N,N/A,N/A
0x888,Low-Level,Y,N,N,N/A,N/A
0x8c8,Low-Level,Y,N,N,N/A,N/A
0x8d0,Low-Level,Y,N,N,N/A,N/A
0x8d8,Low-Level,Y,N,N,N/A,N/A
0x90,Low-Level,Y,N,N,N/A,N/A
0x98,Low-Level,Y,N,N,N/A,N/A
0xa0,Low-Level,Y,N,N,N/A,N/A
0xa8,Low-Level,Y,N,N,N/A,N/A
0xb0,Low-Level,Y,N,N,N/A,N/A
0xb8,Low-Level,Y,N,N,N/A,N/A
0xc0,Low-Level,Y,N,N,N/A,N/A
0xc8,Low-Level,Y,N,N,N/A,N/A
0xd0,Low-Level,Y,N,N,N/A,N/A
0xd8,Low-Level,Y,N,N,N/A,N/A
0xe0,Low-Level,Y,N,N,N/A,N/A
0xe8,Low-Level,Y,N,N,N/A,N/A
0xf0,Low-Level,Y,N,N,N/A,N/A
0xf8,Low-Level,Y,N,N,N/A,N/A
UnresolvableCallTarget,Low-Level,N,N,Y,N/A,N/A
ada_demangle,High-Level,Y,N,N,N/A,N/A
add_data_entry,High-Level,Y,N,N,N/A,N/A
add_line_info,High-Level,Y,N,N,N/A,N/A
add_symbols,High-Level,Y,N,N,N/A,N/A
add_symbols_v2,High-Level,Y,N,N,N/A,N/A
adjust_relative_path,High-Level,Y,N,N,N/A,N/A
adler32,High-Level,Y,N,N,N/A,N/A
already_linked_newfunc,High-Level,Y,N,N,N/A,N/A
append_offsetmap,High-Level,Y,N,N,N/A,N/A
apply_reloc,High-Level,Y,N,N,N/A,N/A
arange_add,High-Level,Y,N,N,N/A,N/A
archive_close_worker,High-Level,Y,N,N,N/A,N/A
basic_type,High-Level,Y,N,Y,N/A,N/A
bfd_abort,High-Level,Y,N,Y,N/A,N/A
bfd_add_bfd_to_archive_cache,Low-Level,Y,N,N,N/A,N/A
bfd_add_merge_section,Low-Level,Y,N,N,N/A,N/A
bfd_alloc,High-Level,Y,N,Y,N/A,N/A
bfd_append_relative_path,Low-Level,Y,N,N,N/A,N/A
bfd_ar_sizepad,High-Level,Y,N,N,N/A,N/A
bfd_ar_spacepad,High-Level,Y,N,N,N/A,N/A
bfd_arch_bits_per_address,Low-Level,Y,N,Y,N/A,N/A
bfd_arch_bits_per_byte,Low-Level,Y,N,N,N/A,N/A
bfd_arch_default_fill,Low-Level,Y,N,N,N/A,N/A
bfd_arch_get_compatible,Low-Level,Y,N,N,N/A,N/A
bfd_arch_i386_fill,High-Level,Y,N,N,N/A,N/A
bfd_arch_list,High-Level,Y,N,N,N/A,N/A
bfd_archive_64_bit_slurp_armap,Low-Level,Y,N,N,N/A,N/A
bfd_archive_64_bit_write_armap,High-Level,Y,N,N,N/A,N/A
bfd_archive_bsd44_construct_extended_name_table,Low-Level,Y,N,N,N/A,N/A
bfd_archive_bsd_update_armap_timestamp,Low-Level,Y,N,N,N/A,N/A
bfd_archive_close_and_cleanup,Low-Level,Y,N,N,N/A,N/A
bfd_asprintf,High-Level,Y,N,N,N/A,N/A
bfd_assert,High-Level,Y,N,Y,N/A,N/A
bfd_bool_bfd_false_error,High-Level,Y,N,N,N/A,N/A
bfd_bool_bfd_link_false_error,High-Level,Y,N,N,N/A,N/A
bfd_bsd44_write_ar_hdr,High-Level,Y,N,N,N/A,N/A
bfd_bsd_truncate_arname,Low-Level,Y,N,N,N/A,N/A
bfd_bsd_write_armap,High-Level,Y,N,N,N/A,N/A
bfd_cache_close,High-Level,Y,N,Y,N/A,N/A
bfd_cache_close_all,High-Level,Y,N,N,N/A,N/A
bfd_cache_delete,High-Level,Y,N,Y,N/A,N/A
bfd_cache_init,High-Level,Y,N,N,N/A,N/A
bfd_cache_init_unlocked,High-Level,Y,N,Y,N/A,N/A
bfd_cache_lookup_worker,Low-Level,Y,N,Y,N/A,N/A
bfd_cache_max_open,High-Level,Y,N,Y,N/A,N/A
bfd_cache_set_uncloseable,Low-Level,Y,N,Y,N/A,N/A
bfd_canonicalize_reloc,Low-Level,Y,N,N,N/A,N/A
bfd_check_compression_header,Low-Level,Y,N,N,N/A,N/A
bfd_check_format,High-Level,Y,Y,Y,N/A,N/A
bfd_check_format_matches,High-Level,Y,Y,Y,N/A,N/A
bfd_check_overflow,High-Level,Y,N,N,N/A,N/A
bfd_clear_contents,High-Level,Y,N,N,N/A,N/A
bfd_close,High-Level,Y,Y,Y,N/A,N/A
bfd_close_all_done,High-Level,Y,N,Y,N/A,N/A
bfd_coff_debug_merge_hash_newfunc,High-Level,Y,N,N,N/A,N/A
bfd_coff_final_link,High-Level,Y,N,N,N/A,N/A
bfd_coff_free_cached_info,Low-Level,Y,N,N,N/A,N/A
bfd_coff_free_symbols,Low-Level,Y,N,N,N/A,N/A
bfd_coff_gc_mark.constprop.0,Low-Level,Y,N,N,N/A,N/A
bfd_coff_gc_mark_hook,Low-Level,Y,N,N,N/A,N/A
bfd_coff_gc_sections,High-Level,Y,N,N,N/A,N/A
bfd_coff_generic_relocate_section,Low-Level,Y,N,N,N/A,N/A
bfd_coff_get_external_symbols,Low-Level,Y,N,N,N/A,N/A
bfd_coff_internal_syment_name,Low-Level,Y,N,N,N/A,N/A
bfd_coff_link_add_symbols,Low-Level,Y,N,N,N/A,N/A
bfd_coff_link_hash_newfunc,Low-Level,Y,N,N,N/A,N/A
bfd_coff_link_hash_table_create,Low-Level,Y,N,N,N/A,N/A
bfd_coff_link_hash_table_init,High-Level,Y,N,N,N/A,N/A
bfd_coff_link_input_bfd,High-Level,Y,N,N,N/A,N/A
bfd_coff_read_internal_relocs,High-Level,Y,N,N,N/A,N/A
bfd_coff_read_string_table,High-Level,Y,N,N,N/A,N/A
bfd_coff_reloc_link_order,Low-Level,Y,N,N,N/A,N/A
bfd_coff_section_already_linked,High-Level,Y,N,N,N/A,N/A
bfd_coff_set_symbol_class,Low-Level,Y,N,N,N/A,N/A
bfd_coff_write_armap,High-Level,Y,N,N,N/A,N/A
bfd_coff_write_global_sym,High-Level,Y,N,N,N/A,N/A
bfd_coff_write_task_globals,High-Level,Y,N,N,N/A,N/A
bfd_compress_section,High-Level,Y,N,N,N/A,N/A
bfd_compress_section_contents,Low-Level,Y,N,N,N/A,N/A
bfd_compute_and_write_armap,High-Level,Y,N,N,N/A,N/A
bfd_construct_extended_name_table,Low-Level,Y,N,N,N/A,N/A
bfd_convert_section_contents,Low-Level,Y,N,N,N/A,N/A
bfd_convert_section_setup,High-Level,Y,N,N,N/A,N/A
bfd_core_file_failing_command,High-Level,Y,N,N,N/A,N/A
bfd_core_file_failing_signal,High-Level,Y,N,N,N/A,N/A
bfd_core_file_pid,High-Level,Y,N,N,N/A,N/A
bfd_create,High-Level,Y,N,N,N/A,N/A
bfd_create_gnu_debuglink_section,High-Level,Y,N,N,N/A,N/A
bfd_decode_symclass,High-Level,Y,N,N,N/A,N/A
bfd_default_compatible,Low-Level,Y,N,N,N/A,N/A
bfd_default_link_order,Low-Level,Y,N,N,N/A,N/A
bfd_default_reloc_type_lookup,Low-Level,Y,N,N,N/A,N/A
bfd_default_scan,High-Level,Y,N,N,N/A,N/A
bfd_default_set_arch_mach,Low-Level,Y,N,N,N/A,N/A
bfd_delete_bfd,High-Level,Y,N,Y,N/A,N/A
bfd_demangle,High-Level,Y,Y,Y,N/A,N/A
bfd_discard_section_stabs,Low-Level,Y,N,N,N/A,N/A
bfd_dont_truncate_arname,Low-Level,Y,N,N,N/A,N/A
bfd_doprnt,High-Level,Y,N,Y,N/A,N/A
bfd_doprnt_scan,High-Level,Y,N,Y,N/A,N/A
bfd_dummy_target,High-Level,Y,N,N,N/A,N/A
bfd_dwarf1_cleanup_debug_info,High-Level,Y,N,N,N/A,N/A
bfd_dwarf1_find_nearest_line,Low-Level,Y,N,N,N/A,N/A
bfd_dwarf2_cleanup_debug_info,High-Level,Y,N,N,N/A,N/A
bfd_dwarf2_find_nearest_line,Low-Level,Y,N,N,N/A,N/A
bfd_dwarf2_find_nearest_line_with_alt,Low-Level,Y,N,N,N/A,N/A
bfd_dwarf2_find_symbol_bias,Low-Level,Y,N,N,N/A,N/A
bfd_dwarf2_slurp_debug_info,High-Level,Y,N,N,N/A,N/A
bfd_elf32_bfd_from_remote_memory,Low-Level,Y,N,N,N/A,N/A
bfd_elf32_checksum_contents,Low-Level,Y,N,N,N/A,N/A
bfd_elf32_core_file_matches_executable_p,High-Level,Y,N,N,N/A,N/A
bfd_elf32_core_file_p,High-Level,Y,N,N,N/A,N/A
bfd_elf32_core_find_build_id,Low-Level,Y,N,N,N/A,N/A
bfd_elf32_object_p,High-Level,Y,N,N,N/A,N/A
bfd_elf32_slurp_reloc_table,Low-Level,Y,N,N,N/A,N/A
bfd_elf32_slurp_symbol_table,Low-Level,Y,N,N,N/A,N/A
bfd_elf32_swap_dyn_in,Low-Level,Y,N,N,N/A,N/A
bfd_elf32_swap_dyn_out,Low-Level,Y,N,N,N/A,N/A
bfd_elf32_swap_phdr_in,Low-Level,Y,N,N,N/A,N/A
bfd_elf32_swap_phdr_out,Low-Level,Y,N,N,N/A,N/A
bfd_elf32_swap_reloc_in,Low-Level,Y,N,N,N/A,N/A
bfd_elf32_swap_reloc_out,Low-Level,Y,N,N,N/A,N/A
bfd_elf32_swap_reloca_in,Low-Level,Y,N,N,N/A,N/A
bfd_elf32_swap_reloca_out,Low-Level,Y,N,N,N/A,N/A
bfd_elf32_swap_symbol_in,Low-Level,Y,N,N,N/A,N/A
bfd_elf32_swap_symbol_out,Low-Level,Y,N,N,N/A,N/A
bfd_elf32_write_out_phdrs,High-Level,Y,N,N,N/A,N/A
bfd_elf32_write_relocs,High-Level,Y,N,N,N/A,N/A
bfd_elf32_write_shdrs_and_ehdr,High-Level,Y,N,N,N/A,N/A
bfd_elf64_bfd_from_remote_memory,Low-Level,Y,N,N,N/A,N/A
bfd_elf64_checksum_contents,Low-Level,Y,N,N,N/A,N/A
bfd_elf64_core_file_matches_executable_p,High-Level,Y,N,N,N/A,N/A
bfd_elf64_core_file_p,High-Level,Y,N,N,N/A,N/A
bfd_elf64_core_find_build_id,Low-Level,Y,N,N,N/A,N/A
bfd_elf64_object_p,High-Level,Y,N,N,N/A,N/A
bfd_elf64_slurp_reloc_table,Low-Level,Y,N,N,N/A,N/A
bfd_elf64_slurp_symbol_table,Low-Level,Y,N,N,N/A,N/A
bfd_elf64_swap_dyn_in,Low-Level,Y,N,N,N/A,N/A
bfd_elf64_swap_dyn_out,Low-Level,Y,N,N,N/A,N/A
bfd_elf64_swap_phdr_in,Low-Level,Y,N,N,N/A,N/A
bfd_elf64_swap_phdr_out,Low-Level,Y,N,N,N/A,N/A
bfd_elf64_swap_reloc_in,Low-Level,Y,N,N,N/A,N/A
bfd_elf64_swap_reloc_out,Low-Level,Y,N,N,N/A,N/A
bfd_elf64_swap_reloca_in,Low-Level,Y,N,N,N/A,N/A
bfd_elf64_swap_reloca_out,Low-Level,Y,N,N,N/A,N/A
bfd_elf64_swap_symbol_in,Low-Level,Y,N,N,N/A,N/A
bfd_elf64_swap_symbol_out,Low-Level,Y,N,N,N/A,N/A
bfd_elf64_write_out_phdrs,High-Level,Y,N,N,N/A,N/A
bfd_elf64_write_relocs,High-Level,Y,N,N,N/A,N/A
bfd_elf64_write_shdrs_and_ehdr,High-Level,Y,N,N,N/A,N/A
bfd_elf_add_dt_needed_tag,Low-Level,Y,N,N,N/A,N/A
bfd_elf_add_dynamic_entry,Low-Level,Y,N,N,N/A,N/A
bfd_elf_add_dynamic_tags,Low-Level,Y,N,N,N/A,N/A
bfd_elf_add_obj_attr_int,Low-Level,Y,N,N,N/A,N/A
bfd_elf_add_obj_attr_int_string,Low-Level,Y,N,N,N/A,N/A
bfd_elf_add_obj_attr_string,Low-Level,Y,N,N,N/A,N/A
bfd_elf_adjust_dynamic_copy,Low-Level,Y,N,N,N/A,N/A
bfd_elf_adjust_dynamic_symbol,Low-Level,Y,N,N,N/A,N/A
bfd_elf_adjust_eh_frame_global_symbol,Low-Level,Y,N,N,N/A,N/A
bfd_elf_allocate_ifunc_dyn_relocs,Low-Level,Y,N,N,N/A,N/A
bfd_elf_allocate_object,Low-Level,Y,N,N,N/A,N/A
bfd_elf_archive_symbol_lookup,Low-Level,Y,N,N,N/A,N/A
bfd_elf_assign_file_position_for_section,High-Level,Y,N,N,N/A,N/A
bfd_elf_attr_strdup,High-Level,Y,N,N,N/A,N/A
bfd_elf_bfd_from_remote_memory,Low-Level,Y,N,N,N/A,N/A
bfd_elf_canonicalize_dynamic_reloc,Low-Level,Y,N,N,N/A,N/A
bfd_elf_canonicalize_dynamic_symtab,Low-Level,Y,N,N,N/A,N/A
bfd_elf_canonicalize_reloc,Low-Level,Y,N,N,N/A,N/A
bfd_elf_canonicalize_symtab,Low-Level,Y,N,N,N/A,N/A
bfd_elf_check_kept_section,Low-Level,Y,N,N,N/A,N/A
bfd_elf_compute_section_file_positions,High-Level,Y,N,N,N/A,N/A
bfd_elf_convert_gnu_properties,Low-Level,Y,N,N,N/A,N/A
bfd_elf_convert_gnu_property_size,Low-Level,Y,N,N,N/A,N/A
bfd_elf_copy_obj_attributes,Low-Level,Y,N,N,N/A,N/A
bfd_elf_copy_private_bfd_data,Low-Level,Y,N,N,N/A,N/A
bfd_elf_copy_private_header_data,Low-Level,Y,N,N,N/A,N/A
bfd_elf_copy_private_section_data,Low-Level,Y,N,N,N/A,N/A
bfd_elf_copy_special_section_fields,Low-Level,Y,N,N,N/A,N/A
bfd_elf_create_dynamic_sections,Low-Level,Y,N,N,N/A,N/A
bfd_elf_create_got_section,Low-Level,Y,N,N,N/A,N/A
bfd_elf_create_ifunc_sections,Low-Level,Y,N,N,N/A,N/A
bfd_elf_default_action_discarded,Low-Level,Y,N,N,N/A,N/A
bfd_elf_define_linkage_sym,Low-Level,Y,N,N,N/A,N/A
bfd_elf_define_start_stop,Low-Level,Y,N,N,N/A,N/A
bfd_elf_discard_info,High-Level,Y,N,N,N/A,N/A
bfd_elf_discard_section_eh_frame,Low-Level,Y,N,N,N/A,N/A
bfd_elf_discard_section_eh_frame_hdr,Low-Level,Y,N,N,N/A,N/A
bfd_elf_discard_section_sframe,Low-Level,Y,N,N,N/A,N/A
bfd_elf_dynamic_symbol_p,Low-Level,Y,N,N,N/A,N/A
bfd_elf_eh_frame_entry_present,Low-Level,Y,N,N,N/A,N/A
bfd_elf_eh_frame_present,Low-Level,Y,N,N,N/A,N/A
bfd_elf_eh_frame_section_offset,Low-Level,Y,N,N,N/A,N/A
bfd_elf_end_eh_frame_parsing,Low-Level,Y,N,N,N/A,N/A
bfd_elf_export_symbol,Low-Level,Y,N,N,N/A,N/A
bfd_elf_filter_global_symbols,Low-Level,Y,N,N,N/A,N/A
bfd_elf_final_link,High-Level,Y,N,N,N/A,N/A
bfd_elf_final_write_processing,High-Level,Y,N,N,N/A,N/A
bfd_elf_find_function,Low-Level,Y,N,N,N/A,N/A
bfd_elf_find_line,High-Level,Y,N,N,N/A,N/A
bfd_elf_find_nearest_line,Low-Level,Y,N,N,N/A,N/A
bfd_elf_find_nearest_line_with_alt,Low-Level,Y,N,N,N/A,N/A
bfd_elf_fix_symbol_flags,Low-Level,Y,N,N,N/A,N/A
bfd_elf_fixup_eh_frame_hdr,Low-Level,Y,N,N,N/A,N/A
bfd_elf_fixup_group_sections,Low-Level,Y,N,N,N/A,N/A
bfd_elf_free_cached_info,Low-Level,Y,N,N,N/A,N/A
bfd_elf_gc_common_final_link,Low-Level,Y,N,N,N/A,N/A
bfd_elf_gc_common_finalize_got_offsets,Low-Level,Y,N,N,N/A,N/A
bfd_elf_gc_keep,High-Level,Y,N,N,N/A,N/A
bfd_elf_gc_mark,High-Level,Y,N,N,N/A,N/A
bfd_elf_gc_mark_dynamic_ref_symbol,Low-Level,Y,N,N,N/A,N/A
bfd_elf_gc_mark_extra_sections,Low-Level,Y,N,N,N/A,N/A
bfd_elf_gc_mark_fdes,High-Level,Y,N,N,N/A,N/A
bfd_elf_gc_mark_reloc,Low-Level,Y,N,N,N/A,N/A
bfd_elf_gc_mark_rsec,High-Level,Y,N,N,N/A,N/A
bfd_elf_gc_record_vtentry,Low-Level,Y,N,N,N/A,N/A
bfd_elf_gc_record_vtinherit,Low-Level,Y,N,N,N/A,N/A
bfd_elf_gc_sections,High-Level,Y,N,N,N/A,N/A
bfd_elf_get_bfd_needed_list,Low-Level,Y,N,N,N/A,N/A
bfd_elf_get_dt_soname,Low-Level,Y,N,N,N/A,N/A
bfd_elf_get_dynamic_reloc_section,Low-Level,Y,N,N,N/A,N/A
bfd_elf_get_dynamic_reloc_upper_bound,Low-Level,Y,N,N,N/A,N/A
bfd_elf_get_dynamic_symbols,Low-Level,Y,N,N,N/A,N/A
bfd_elf_get_dynamic_symtab_upper_bound,Low-Level,Y,N,N,N/A,N/A
bfd_elf_get_elf_syms,High-Level,Y,N,N,N/A,N/A
bfd_elf_get_lineno,High-Level,Y,N,N,N/A,N/A
bfd_elf_get_link_hash_entry,Low-Level,Y,N,N,N/A,N/A
bfd_elf_get_property,High-Level,Y,N,N,N/A,N/A
bfd_elf_get_reloc_upper_bound,Low-Level,Y,N,N,N/A,N/A
bfd_elf_get_sec_type_attr,Low-Level,Y,N,N,N/A,N/A
bfd_elf_get_section_from_dynamic_symbol,Low-Level,Y,N,N,N/A,N/A
bfd_elf_get_special_section,Low-Level,Y,N,N,N/A,N/A
bfd_elf_get_str_section,Low-Level,Y,N,N,N/A,N/A
bfd_elf_get_symbol_version_string,Low-Level,Y,N,N,N/A,N/A
bfd_elf_get_symtab_upper_bound,Low-Level,Y,N,N,N/A,N/A
bfd_elf_get_synthetic_symtab,Low-Level,Y,N,N,N/A,N/A
bfd_elf_gnu_hash,High-Level,Y,N,N,N/A,N/A
bfd_elf_hash,High-Level,Y,N,N,N/A,N/A
bfd_elf_init_1_index_section,High-Level,Y,N,N,N/A,N/A
bfd_elf_init_2_index_sections,High-Level,Y,N,N,N/A,N/A
bfd_elf_init_file_header,High-Level,Y,N,N,N/A,N/A
bfd_elf_init_private_section_data,High-Level,Y,N,N,N/A,N/A
bfd_elf_init_reloc_shdr,High-Level,Y,N,N,N/A,N/A
bfd_elf_link_add_dt_relr_dependency,Low-Level,Y,N,N,N/A,N/A
bfd_elf_link_add_glibc_version_dependency,Low-Level,Y,N,N,N/A,N/A
bfd_elf_link_add_symbols,Low-Level,Y,N,N,N/A,N/A
bfd_elf_link_assign_sym_version,Low-Level,Y,N,N,N/A,N/A
bfd_elf_link_create_dynamic_sections,Low-Level,Y,N,N,N/A,N/A
bfd_elf_link_create_dynstrtab,Low-Level,Y,N,N,N/A,N/A
bfd_elf_link_create_gnu_property_sec,Low-Level,Y,N,N,N/A,N/A
bfd_elf_link_find_version_dependencies,Low-Level,Y,N,N,N/A,N/A
bfd_elf_link_hash_copy_indirect,Low-Level,Y,N,N,N/A,N/A
bfd_elf_link_hash_hide_symbol,Low-Level,Y,N,N,N/A,N/A
bfd_elf_link_hash_newfunc,Low-Level,Y,N,N,N/A,N/A
bfd_elf_link_hash_table_create,Low-Level,Y,N,N,N/A,N/A
bfd_elf_link_hash_table_free,Low-Level,Y,N,N,N/A,N/A
bfd_elf_link_hash_table_init,High-Level,Y,N,N,N/A,N/A
bfd_elf_link_hide_sym_by_version,Low-Level,Y,N,N,N/A,N/A
bfd_elf_link_hide_symbol,Low-Level,Y,N,N,N/A,N/A
bfd_elf_link_hide_versioned_symbol.constprop.0,Low-Level,Y,N,N,N/A,N/A
bfd_elf_link_info_read_relocs,High-Level,Y,N,N,N/A,N/A
bfd_elf_link_iterate_on_relocs,Low-Level,Y,N,N,N/A,N/A
bfd_elf_link_keep_memory,Low-Level,Y,N,N,N/A,N/A
bfd_elf_link_mark_dynamic_symbol,Low-Level,Y,N,N,N/A,N/A
bfd_elf_link_mmap_section_contents,Low-Level,Y,N,N,N/A,N/A
bfd_elf_link_munmap_section_contents,Low-Level,Y,N,N,N/A,N/A
bfd_elf_link_output_relocs,High-Level,Y,N,N,N/A,N/A
bfd_elf_link_record_dynamic_symbol,Low-Level,Y,N,N,N/A,N/A
bfd_elf_link_record_local_dynamic_symbol,Low-Level,Y,N,N,N/A,N/A
bfd_elf_link_renumber_dynsyms,Low-Level,Y,N,N,N/A,N/A
bfd_elf_link_sec_merge_syms,Low-Level,Y,N,N,N/A,N/A
bfd_elf_link_setup_gnu_properties,High-Level,Y,N,N,N/A,N/A
bfd_elf_link_size_reloc_section,Low-Level,Y,N,N,N/A,N/A
bfd_elf_lookup_section_flags,Low-Level,Y,N,N,N/A,N/A
bfd_elf_make_dynamic_reloc_section,Low-Level,Y,N,N,N/A,N/A
bfd_elf_make_dynamic_segment,Low-Level,Y,N,N,N/A,N/A
bfd_elf_make_empty_symbol,Low-Level,Y,N,N,N/A,N/A
bfd_elf_make_object,High-Level,Y,N,N,N/A,N/A
bfd_elf_make_section_from_phdr,Low-Level,Y,N,N,N/A,N/A
bfd_elf_make_section_from_shdr,Low-Level,Y,N,N,N/A,N/A
bfd_elf_map_sections_to_segments,Low-Level,Y,N,N,N/A,N/A
bfd_elf_match_symbols_in_sections,Low-Level,Y,N,N,N/A,N/A
bfd_elf_maybe_set_textrel,Low-Level,Y,N,N,N/A,N/A
bfd_elf_maybe_strip_eh_frame_hdr,Low-Level,Y,N,N,N/A,N/A
bfd_elf_maybe_vxworks_add_dynamic_tags,Low-Level,Y,N,N,N/A,N/A
bfd_elf_merge_object_attributes,Low-Level,Y,N,N,N/A,N/A
bfd_elf_merge_section_sframe,Low-Level,Y,N,N,N/A,N/A
bfd_elf_merge_sections,Low-Level,Y,N,N,N/A,N/A
bfd_elf_merge_symbol.constprop.0,Low-Level,Y,N,N,N/A,N/A
bfd_elf_merge_unknown_attribute_list,Low-Level,Y,N,N,N/A,N/A
bfd_elf_merge_unknown_attribute_low,Low-Level,Y,N,N,N/A,N/A
bfd_elf_mkcorefile,High-Level,Y,N,N,N/A,N/A
bfd_elf_mmap_section_contents,Low-Level,Y,N,N,N/A,N/A
bfd_elf_munmap_section_contents,Low-Level,Y,N,N,N/A,N/A
bfd_elf_new_section_hook,Low-Level,Y,N,N,N/A,N/A
bfd_elf_no_info_to_howto,Low-Level,Y,N,N,N/A,N/A
bfd_elf_notice_as_needed,Low-Level,Y,N,N,N/A,N/A
bfd_elf_obj_attr_size,Low-Level,Y,N,N,N/A,N/A
bfd_elf_obj_attrs_arg_type,Low-Level,Y,N,N,N/A,N/A
bfd_elf_omit_section_dynsym_default,Low-Level,Y,N,N,N/A,N/A
bfd_elf_parse_attributes,High-Level,Y,N,N,N/A,N/A
bfd_elf_parse_eh_frame,High-Level,Y,N,N,N/A,N/A
bfd_elf_parse_eh_frame_entries,High-Level,Y,N,N,N/A,N/A
bfd_elf_parse_eh_frame_entry,High-Level,Y,N,N,N/A,N/A
bfd_elf_parse_gnu_properties,High-Level,Y,N,N,N/A,N/A
bfd_elf_parse_sframe,High-Level,Y,N,N,N/A,N/A
bfd_elf_perform_complex_relocation,Low-Level,Y,N,N,N/A,N/A
bfd_elf_plt_get_reloc_section,Low-Level,Y,N,N,N/A,N/A
bfd_elf_print_private_bfd_data,High-Level,Y,N,N,N/A,N/A
bfd_elf_print_symbol,High-Level,Y,N,N,N/A,N/A
bfd_elf_readonly_dynrelocs,High-Level,Y,N,N,N/A,N/A
bfd_elf_record_link_assignment,Low-Level,Y,N,N,N/A,N/A
bfd_elf_rel_local_sym,Low-Level,Y,N,N,N/A,N/A
bfd_elf_rela_local_sym,Low-Level,Y,N,N,N/A,N/A
bfd_elf_reloc_symbol_deleted_p,Low-Level,Y,N,N,N/A,N/A
bfd_elf_section_already_linked,High-Level,Y,N,N,N/A,N/A
bfd_elf_section_for_symbol,Low-Level,Y,N,N,N/A,N/A
bfd_elf_section_from_bfd_section,Low-Level,Y,N,N,N/A,N/A
bfd_elf_section_offset,Low-Level,Y,N,N,N/A,N/A
bfd_elf_set_group_contents,Low-Level,Y,N,N,N/A,N/A
bfd_elf_set_reloc_sh_name,Low-Level,Y,N,N,N/A,N/A
bfd_elf_set_section_contents,Low-Level,Y,N,N,N/A,N/A
bfd_elf_set_section_sframe,Low-Level,Y,N,N,N/A,N/A
bfd_elf_setup_sections,High-Level,Y,N,N,N/A,N/A
bfd_elf_sframe_present,Low-Level,Y,N,N,N/A,N/A
bfd_elf_single_rel_hdr,Low-Level,Y,N,N,N/A,N/A
bfd_elf_size_dynamic_sections,Low-Level,Y,N,N,N/A,N/A
bfd_elf_size_dynsym_hash_dynstr,Low-Level,Y,N,N,N/A,N/A
bfd_elf_size_group_sections,Low-Level,Y,N,N,N/A,N/A
bfd_elf_sizeof_headers,Low-Level,Y,N,N,N/A,N/A
bfd_elf_slurp_secondary_reloc_section,Low-Level,Y,N,N,N/A,N/A
bfd_elf_slurp_version_tables,Low-Level,Y,N,N,N/A,N/A
bfd_elf_stack_segment_size,Low-Level,Y,N,N,N/A,N/A
bfd_elf_string_from_elf_section,Low-Level,Y,N,N,N/A,N/A
bfd_elf_strip_zero_sized_dynamic_sections,Low-Level,Y,N,N,N/A,N/A
bfd_elf_strtab_add,High-Level,Y,N,N,N/A,N/A
bfd_elf_strtab_addref,Low-Level,Y,N,N,N/A,N/A
bfd_elf_strtab_clear_all_refs,Low-Level,Y,N,N,N/A,N/A
bfd_elf_strtab_delref,Low-Level,Y,N,N,N/A,N/A
bfd_elf_strtab_emit,High-Level,Y,N,N,N/A,N/A
bfd_elf_strtab_finalize,Low-Level,Y,N,N,N/A,N/A
bfd_elf_strtab_free,High-Level,Y,N,N,N/A,N/A
bfd_elf_strtab_init,High-Level,Y,N,N,N/A,N/A
bfd_elf_strtab_offset,Low-Level,Y,N,N,N/A,N/A
bfd_elf_strtab_refcount,Low-Level,Y,N,N,N/A,N/A
bfd_elf_strtab_restore,Low-Level,Y,N,N,N/A,N/A
bfd_elf_strtab_save,High-Level,Y,N,N,N/A,N/A
bfd_elf_strtab_size,High-Level,Y,N,N,N/A,N/A
bfd_elf_strtab_str,High-Level,Y,N,N,N/A,N/A
bfd_elf_swap_verdaux_in,Low-Level,Y,N,N,N/A,N/A
bfd_elf_swap_verdaux_out,Low-Level,Y,N,N,N/A,N/A
bfd_elf_swap_verdef_in,Low-Level,Y,N,N,N/A,N/A
bfd_elf_swap_verdef_out,Low-Level,Y,N,N,N/A,N/A
bfd_elf_swap_vernaux_in,Low-Level,Y,N,N,N/A,N/A
bfd_elf_swap_vernaux_out,Low-Level,Y,N,N,N/A,N/A
bfd_elf_swap_verneed_in,Low-Level,Y,N,N,N/A,N/A
bfd_elf_swap_verneed_out,Low-Level,Y,N,N,N/A,N/A
bfd_elf_swap_versym_in,Low-Level,Y,N,N,N/A,N/A
bfd_elf_swap_versym_out,Low-Level,Y,N,N,N/A,N/A
bfd_elf_sym_name,High-Level,Y,N,N,N/A,N/A
bfd_elf_symbol_from_bfd_symbol,Low-Level,Y,N,N,N/A,N/A
bfd_elf_symbol_refs_local_p,Low-Level,Y,N,N,N/A,N/A
bfd_elf_tls_setup,High-Level,Y,N,N,N/A,N/A
bfd_elf_validate_reloc,Low-Level,Y,N,N,N/A,N/A
bfd_elf_write_object_contents,High-Level,Y,N,N,N/A,N/A
bfd_elf_write_secondary_reloc_section,High-Level,Y,N,N,N/A,N/A
bfd_elf_write_section_build_attributes,High-Level,Y,N,N,N/A,N/A
bfd_elf_write_section_eh_frame,High-Level,Y,N,N,N/A,N/A
bfd_elf_write_section_eh_frame_entry,High-Level,Y,N,N,N/A,N/A
bfd_elf_write_section_eh_frame_hdr,High-Level,Y,N,N,N/A,N/A
bfd_elf_write_section_sframe,High-Level,Y,N,N,N/A,N/A
bfd_elf_x86_finish_relative_relocs,Low-Level,Y,N,N,N/A,N/A
bfd_elf_x86_get_local_sym_hash,Low-Level,Y,N,N,N/A,N/A
bfd_elf_x86_size_relative_relocs,Low-Level,Y,N,N,N/A,N/A
bfd_elf_x86_valid_reloc_p,Low-Level,Y,N,N,N/A,N/A
bfd_elfcore_make_pseudosection,Low-Level,Y,N,N,N/A,N/A
bfd_elfcore_strndup,High-Level,Y,N,N,N/A,N/A
bfd_emul_get_commonpagesize,Low-Level,Y,N,N,N/A,N/A
bfd_emul_get_maxpagesize,Low-Level,Y,N,N,N/A,N/A
bfd_errmsg,High-Level,Y,N,Y,N/A,N/A
bfd_error,High-Level,Y,N,N,N/A,N/A
bfd_error_handler,High-Level,Y,N,Y,N/A,N/A
bfd_extract_object_only_section,Low-Level,Y,N,N,N/A,N/A
bfd_fatal,High-Level,Y,Y,Y,N/A,N/A
bfd_fdopenr,High-Level,Y,N,N,N/A,N/A
bfd_fdopenw,High-Level,Y,N,N,N/A,N/A
bfd_fill_in_gnu_debuglink_section,High-Level,Y,N,N,N/A,N/A
bfd_final_link_relocate,Low-Level,Y,N,N,N/A,N/A
bfd_find_arch_match,High-Level,Y,N,N,N/A,N/A
bfd_find_target,High-Level,Y,N,N,N/A,N/A
bfd_find_version_for_sym,Low-Level,Y,N,N,N/A,N/A
bfd_fix_excluded_sec_syms,Low-Level,Y,N,N,N/A,N/A
bfd_flavour_name,High-Level,Y,N,N,N/A,N/A
bfd_flush,High-Level,Y,N,N,N/A,N/A
bfd_follow_build_id_debuglink,High-Level,Y,N,N,N/A,N/A
bfd_follow_gnu_debugaltlink,High-Level,Y,N,N,N/A,N/A
bfd_follow_gnu_debuglink,High-Level,Y,N,N,N/A,N/A
bfd_fopen,High-Level,Y,N,N,N/A,N/A
bfd_fprintf_vma,High-Level,Y,Y,Y,N/A,N/A
bfd_free_cached_info,High-Level,Y,N,N,N/A,N/A
bfd_generic_archive_p,Low-Level,Y,N,N,N/A,N/A
bfd_generic_define_common_symbol,Low-Level,Y,N,N,N/A,N/A
bfd_generic_define_start_stop,Low-Level,Y,N,N,N/A,N/A
bfd_generic_final_link,Low-Level,Y,N,N,N/A,N/A
bfd_generic_get_elt_at_index,Low-Level,Y,N,N,N/A,N/A
bfd_generic_get_relocated_section_contents,Low-Level,Y,N,N,N/A,N/A
bfd_generic_get_section_contents,Low-Level,Y,N,N,N/A,N/A
bfd_generic_link_add_archive_symbols,Low-Level,Y,N,N,N/A,N/A
bfd_generic_link_add_one_symbol,Low-Level,Y,N,N,N/A,N/A
bfd_generic_link_add_symbols,Low-Level,Y,N,N,N/A,N/A
bfd_generic_link_hash_newfunc,Low-Level,Y,N,N,N/A,N/A
bfd_generic_link_hash_table_create,Low-Level,Y,N,N,N/A,N/A
bfd_generic_link_hash_table_free,Low-Level,Y,N,N,N/A,N/A
bfd_generic_link_read_symbols,High-Level,Y,N,N,N/A,N/A
bfd_generic_lookup_section_flags,Low-Level,Y,N,N,N/A,N/A
bfd_generic_make_empty_symbol,Low-Level,Y,N,N,N/A,N/A
bfd_generic_mkarchive,Low-Level,Y,N,N,N/A,N/A
bfd_generic_new_section_hook,Low-Level,Y,N,N,N/A,N/A
bfd_generic_openr_next_archived_file,High-Level,Y,N,N,N/A,N/A
bfd_generic_read_ar_hdr_mag,High-Level,Y,N,N,N/A,N/A
bfd_generic_read_minisymbols,High-Level,Y,N,N,N/A,N/A
bfd_generic_relax_section,Low-Level,Y,N,N,N/A,N/A
bfd_generic_reloc_link_order,Low-Level,Y,N,N,N/A,N/A
bfd_generic_section_already_linked,High-Level,Y,N,N,N/A,N/A
bfd_generic_set_section_contents,Low-Level,Y,N,N,N/A,N/A
bfd_generic_stat_arch_elt,Low-Level,Y,N,N,N/A,N/A
bfd_generic_verify_endian_match,Low-Level,Y,N,N,N/A,N/A
bfd_generic_write_ar_hdr,High-Level,Y,N,N,N/A,N/A
bfd_get_alt_debug_link_info,High-Level,Y,N,N,N/A,N/A
bfd_get_arch,High-Level,Y,N,N,N/A,N/A
bfd_get_arch_size,High-Level,Y,N,N,N/A,N/A
bfd_get_archive_filename,High-Level,Y,N,N,N/A,N/A
bfd_get_bits,High-Level,Y,N,N,N/A,N/A
bfd_get_compression_algorithm,Low-Level,Y,N,N,N/A,N/A
bfd_get_compression_header_size,Low-Level,Y,N,N,N/A,N/A
bfd_get_current_time,High-Level,Y,N,N,N/A,N/A
bfd_get_debug_link_info,High-Level,Y,N,N,N/A,N/A
bfd_get_elf_phdr_upper_bound,Low-Level,Y,N,N,N/A,N/A
bfd_get_elf_phdrs,High-Level,Y,N,N,N/A,N/A
bfd_get_elt_at_filepos,High-Level,Y,N,N,N/A,N/A
bfd_get_error,High-Level,Y,Y,Y,N/A,N/A
bfd_get_file_size,High-Level,Y,N,N,N/A,N/A
bfd_get_full_section_contents,Low-Level,Y,N,N,N/A,N/A
bfd_get_link_info,High-Level,Y,N,N,N/A,N/A
bfd_get_linker_section,Low-Level,Y,N,N,N/A,N/A
bfd_get_mach,High-Level,Y,N,N,N/A,N/A
bfd_get_mtime,High-Level,Y,N,N,N/A,N/A
bfd_get_next_mapent,High-Level,Y,N,N,N/A,N/A
bfd_get_next_section_by_name,Low-Level,Y,N,N,N/A,N/A
bfd_get_reloc_upper_bound,Low-Level,Y,N,N,N/A,N/A
bfd_get_relocated_section_contents,Low-Level,Y,N,N,N/A,N/A
bfd_get_section_by_name,Low-Level,Y,Y,Y,N/A,N/A
bfd_get_section_by_name_if,Low-Level,Y,N,N,N/A,N/A
bfd_get_section_contents,Low-Level,Y,N,Y,N/A,N/A
bfd_get_sign_extend_vma,Low-Level,Y,N,N,N/A,N/A
bfd_get_size,High-Level,Y,N,N,N/A,N/A
bfd_get_target_info,High-Level,Y,N,N,N/A,N/A
bfd_get_unique_section_name,Low-Level,Y,N,N,N/A,N/A
bfd_getb16,High-Level,Y,N,N,N/A,N/A
bfd_getb32,High-Level,Y,N,N,N/A,N/A
bfd_getb64,High-Level,Y,N,N,N/A,N/A
bfd_getl16,High-Level,Y,N,N,N/A,N/A
bfd_getl32,High-Level,Y,N,N,N/A,N/A
bfd_gnu_truncate_arname,Low-Level,Y,N,N,N/A,N/A
bfd_handle_already_linked,High-Level,Y,N,N,N/A,N/A
bfd_hash_allocate,High-Level,Y,N,N,N/A,N/A
bfd_hash_insert,High-Level,Y,N,N,N/A,N/A
bfd_hash_lookup,High-Level,Y,N,Y,N/A,N/A
bfd_hash_newfunc,High-Level,Y,N,N,N/A,N/A
bfd_hash_rename,High-Level,Y,N,N,N/A,N/A
bfd_hash_replace,High-Level,Y,N,N,N/A,N/A
bfd_hash_set_default_size,Low-Level,Y,N,N,N/A,N/A
bfd_hash_table_free,High-Level,Y,N,Y,N/A,N/A
bfd_hash_table_init,High-Level,Y,N,Y,N/A,N/A
bfd_hash_table_init_n,High-Level,Y,N,N,N/A,N/A
bfd_hash_traverse,High-Level,Y,N,N,N/A,N/A
bfd_hide_sym_by_version,Low-Level,Y,N,N,N/A,N/A
bfd_i386_compatible,High-Level,Y,N,N,N/A,N/A
bfd_init,High-Level,Y,Y,Y,N/A,N/A
bfd_init_pagesize,High-Level,Y,N,N,N/A,N/A
bfd_init_section_compress_status,High-Level,Y,N,N,N/A,N/A
bfd_init_section_decompress_status,High-Level,Y,N,N,N/A,N/A
bfd_install_relocation,Low-Level,Y,N,N,N/A,N/A
bfd_is_local_label,High-Level,Y,N,N,N/A,N/A
bfd_is_section_compressed,Low-Level,Y,N,N,N/A,N/A
bfd_is_section_compressed_info,Low-Level,Y,N,N,N/A,N/A
bfd_iterate_over_targets,Low-Level,Y,N,N,N/A,N/A
bfd_link_add_undef,High-Level,Y,N,N,N/A,N/A
bfd_link_align_section,Low-Level,Y,N,N,N/A,N/A
bfd_link_hash_lookup,High-Level,Y,N,N,N/A,N/A
bfd_link_hash_newfunc,Low-Level,Y,N,N,N/A,N/A
bfd_link_hash_table_init,High-Level,Y,N,N,N/A,N/A
bfd_link_hash_traverse,Low-Level,Y,N,N,N/A,N/A
bfd_link_plugin_object_p,Low-Level,Y,N,N,N/A,N/A
bfd_link_repair_undef_list,Low-Level,Y,N,N,N/A,N/A
bfd_link_section_stabs,Low-Level,Y,N,N,N/A,N/A
bfd_lock,High-Level,Y,N,Y,N/A,N/A
bfd_log2,High-Level,Y,N,N,N/A,N/A
bfd_long_bfd_n1_error,High-Level,Y,N,N,N/A,N/A
bfd_look_for_bfd_in_cache,Low-Level,Y,N,N,N/A,N/A
bfd_make_readable,High-Level,Y,N,N,N/A,N/A
bfd_make_section,High-Level,Y,N,N,N/A,N/A
bfd_make_section_anyway,Low-Level,Y,N,N,N/A,N/A
bfd_make_section_anyway_with_flags,Low-Level,Y,N,N,N/A,N/A
bfd_make_section_old_way,Low-Level,Y,N,N,N/A,N/A
bfd_make_section_with_flags,Low-Level,Y,N,N,N/A,N/A
bfd_make_writable,High-Level,Y,N,N,N/A,N/A
bfd_malloc,High-Level,Y,N,Y,N/A,N/A
bfd_malloc_and_get_section,Low-Level,Y,N,N,N/A,N/A
bfd_map_over_sections,Low-Level,Y,Y,Y,N/A,N/A
bfd_merge_sections,High-Level,Y,N,N,N/A,N/A
bfd_merge_sections_free,Low-Level,Y,N,N,N/A,N/A
bfd_merged_section_offset,Low-Level,Y,N,N,N/A,N/A
bfd_mmap,High-Level,Y,N,N,N/A,N/A
bfd_mmap_local,High-Level,Y,N,N,N/A,N/A
bfd_mmap_persistent,High-Level,Y,N,N,N/A,N/A
bfd_mmap_read_temporary,High-Level,Y,N,N,N/A,N/A
bfd_mmap_temporary,High-Level,Y,N,N,N/A,N/A
bfd_munmap_temporary,High-Level,Y,N,N,N/A,N/A
bfd_nearby_section,High-Level,Y,N,N,N/A,N/A
bfd_new_bfd,High-Level,Y,N,N,N/A,N/A
bfd_new_bfd_contained_in,Low-Level,Y,N,N,N/A,N/A
bfd_new_link_order,High-Level,Y,N,N,N/A,N/A
bfd_nocore_core_file_failing_command,High-Level,Y,N,N,N/A,N/A
bfd_nocore_core_file_failing_signal,High-Level,Y,N,N,N/A,N/A
bfd_nocore_core_file_matches_executable_p,High-Level,Y,N,N,N/A,N/A
bfd_nocore_core_file_pid,High-Level,Y,N,N,N/A,N/A
bfd_nonfatal,High-Level,Y,Y,Y,N/A,N/A
bfd_nonfatal_message,High-Level,Y,N,N,N/A,N/A
bfd_octets_per_byte,High-Level,Y,N,N,N/A,N/A
bfd_open_file,High-Level,Y,N,Y,N/A,N/A
bfd_open_file_unlocked,High-Level,Y,N,Y,N/A,N/A
bfd_openr,High-Level,Y,Y,Y,N/A,N/A
bfd_openr_iovec,High-Level,Y,N,N,N/A,N/A
bfd_openr_next_archived_file,High-Level,Y,N,N,N/A,N/A
bfd_openstreamr,High-Level,Y,N,N,N/A,N/A
bfd_openw,High-Level,Y,N,N,N/A,N/A
bfd_pe_bfd_copy_private_bfd_data_common,Low-Level,Y,N,N,N/A,N/A
bfd_pe_bfd_copy_private_section_data,Low-Level,Y,N,N,N/A,N/A
bfd_pe_only_swap_filehdr_out,High-Level,Y,N,N,N/A,N/A
bfd_pe_print_ce_compressed_pdata,High-Level,Y,N,N,N/A,N/A
bfd_pe_print_private_bfd_data_common,High-Level,Y,N,N,N/A,N/A
bfd_pei_final_link_postscript,Low-Level,Y,N,N,N/A,N/A
bfd_pei_only_swap_filehdr_out,High-Level,Y,N,N,N/A,N/A
bfd_pei_slurp_codeview_record,Low-Level,Y,N,N,N/A,N/A
bfd_pei_swap_aouthdr_in,Low-Level,Y,N,N,N/A,N/A
bfd_pei_swap_aouthdr_out,Low-Level,Y,N,N,N/A,N/A
bfd_pei_swap_aux_in,High-Level,Y,N,N,N/A,N/A
bfd_pei_swap_aux_out,High-Level,Y,N,N,N/A,N/A
bfd_pei_swap_debugdir_in,High-Level,Y,N,N,N/A,N/A
bfd_pei_swap_debugdir_out,High-Level,Y,N,N,N/A,N/A
bfd_pei_swap_lineno_in,Low-Level,Y,N,N,N/A,N/A
bfd_pei_swap_lineno_out,Low-Level,Y,N,N,N/A,N/A
bfd_pei_swap_scnhdr_out,Low-Level,Y,N,N,N/A,N/A
bfd_pei_swap_sym_in,High-Level,Y,N,N,N/A,N/A
bfd_pei_swap_sym_out,High-Level,Y,N,N,N/A,N/A
bfd_pei_write_codeview_record,High-Level,Y,N,N,N/A,N/A
bfd_perform_relocation,Low-Level,Y,N,N,N/A,N/A
bfd_perror,High-Level,Y,N,N,N/A,N/A
bfd_pex64_bfd_copy_private_bfd_data_common,Low-Level,Y,N,N,N/A,N/A
bfd_pex64_bfd_copy_private_section_data,Low-Level,Y,N,N,N/A,N/A
bfd_pex64_only_swap_filehdr_out,High-Level,Y,N,N,N/A,N/A
bfd_pex64_print_ce_compressed_pdata,High-Level,Y,N,N,N/A,N/A
bfd_pex64_print_private_bfd_data_common,High-Level,Y,N,N,N/A,N/A
bfd_pex64i_final_link_postscript,Low-Level,Y,N,N,N/A,N/A
bfd_pex64i_only_swap_filehdr_out,High-Level,Y,N,N,N/A,N/A
bfd_pex64i_slurp_codeview_record,Low-Level,Y,N,N,N/A,N/A
bfd_pex64i_swap_aouthdr_in,Low-Level,Y,N,N,N/A,N/A
bfd_pex64i_swap_aouthdr_out,Low-Level,Y,N,N,N/A,N/A
bfd_pex64i_swap_aux_in,Low-Level,Y,N,N,N/A,N/A
bfd_pex64i_swap_aux_out,Low-Level,Y,N,N,N/A,N/A
bfd_pex64i_swap_debugdir_in,High-Level,Y,N,N,N/A,N/A
bfd_pex64i_swap_debugdir_out,High-Level,Y,N,N,N/A,N/A
bfd_pex64i_swap_lineno_in,Low-Level,Y,N,N,N/A,N/A
bfd_pex64i_swap_lineno_out,Low-Level,Y,N,N,N/A,N/A
bfd_pex64i_swap_scnhdr_out,Low-Level,Y,N,N,N/A,N/A
bfd_pex64i_swap_sym_in,Low-Level,Y,N,N,N/A,N/A
bfd_pex64i_swap_sym_out,Low-Level,Y,N,N,N/A,N/A
bfd_pex64i_write_codeview_record,High-Level,Y,N,N,N/A,N/A
bfd_plugin_bfd_copy_private_bfd_data,Low-Level,Y,N,N,N/A,N/A
bfd_plugin_bfd_copy_private_section_data,Low-Level,Y,N,N,N/A,N/A
bfd_plugin_bfd_copy_private_symbol_data,Low-Level,Y,N,N,N/A,N/A
bfd_plugin_bfd_print_private_bfd_data,High-Level,Y,N,N,N/A,N/A
bfd_plugin_canonicalize_symtab,Low-Level,Y,N,N,N/A,N/A
bfd_plugin_close_file_descriptor,High-Level,Y,N,N,N/A,N/A
bfd_plugin_core_file_failing_command,High-Level,Y,N,N,N/A,N/A
bfd_plugin_core_file_failing_signal,High-Level,Y,N,N,N/A,N/A
bfd_plugin_core_file_pid,High-Level,Y,N,N,N/A,N/A
bfd_plugin_get_symbols_in_object_only,Low-Level,Y,N,N,N/A,N/A
bfd_plugin_get_symtab_upper_bound,Low-Level,Y,N,N,N/A,N/A
bfd_plugin_make_empty_symbol,Low-Level,Y,N,N,N/A,N/A
bfd_plugin_object_p,High-Level,Y,N,N,N/A,N/A
bfd_plugin_open_input,High-Level,Y,N,N,N/A,N/A
bfd_plugin_sizeof_headers,Low-Level,Y,N,N,N/A,N/A
bfd_plugin_specified_p,Low-Level,Y,N,Y,N/A,N/A
bfd_plugin_target_p,High-Level,Y,N,Y,N/A,N/A
bfd_print_error,High-Level,Y,N,N,N/A,N/A
bfd_print_symbol_vandf,High-Level,Y,N,N,N/A,N/A
bfd_printable_arch_mach,High-Level,Y,N,N,N/A,N/A
bfd_ptr_bfd_null_error,High-Level,Y,N,N,N/A,N/A
bfd_put_bits,High-Level,Y,N,N,N/A,N/A
bfd_putb16,High-Level,Y,N,N,N/A,N/A
bfd_putb32,High-Level,Y,N,N,N/A,N/A
bfd_putb64,High-Level,Y,N,N,N/A,N/A
bfd_putl16,High-Level,Y,N,N,N/A,N/A
bfd_putl32,High-Level,Y,N,N,N/A,N/A
bfd_read,High-Level,Y,N,N,N/A,N/A
bfd_real_fopen,High-Level,Y,N,Y,N/A,N/A
bfd_real_fseek,High-Level,Y,N,Y,N/A,N/A
bfd_real_ftell,High-Level,Y,N,Y,N/A,N/A
bfd_realloc,High-Level,Y,N,N,N/A,N/A
bfd_realloc_or_free,High-Level,Y,N,N,N/A,N/A
bfd_record_phdr,High-Level,Y,N,N,N/A,N/A
bfd_release,High-Level,Y,N,Y,N/A,N/A
bfd_reloc_offset_in_range,Low-Level,Y,N,N,N/A,N/A
bfd_reloc_type_lookup,Low-Level,Y,N,N,N/A,N/A
bfd_relocate_contents,Low-Level,Y,N,N,N/A,N/A
bfd_rename_section,High-Level,Y,N,N,N/A,N/A
bfd_restore_error_handler_caching,High-Level,Y,N,Y,N/A,N/A
bfd_safe_read_leb128,High-Level,Y,N,N,N/A,N/A
bfd_scan_arch,High-Level,Y,N,N,N/A,N/A
bfd_scan_vma,High-Level,Y,Y,Y,N/A,N/A
bfd_section_already_linked_table_insert,High-Level,Y,N,N,N/A,N/A
bfd_section_already_linked_table_lookup,High-Level,Y,N,N,N/A,N/A
bfd_section_from_elf_index,Low-Level,Y,N,N,N/A,N/A
bfd_section_from_phdr,Low-Level,Y,N,N,N/A,N/A
bfd_section_from_shdr,Low-Level,Y,N,N,N/A,N/A
bfd_section_hash_newfunc,Low-Level,Y,N,N,N/A,N/A
bfd_section_init,High-Level,Y,N,N,N/A,N/A
bfd_section_list_clear,Low-Level,Y,N,Y,N/A,N/A
bfd_section_size_insane,Low-Level,Y,N,N,N/A,N/A
bfd_sections_find_if,High-Level,Y,N,N,N/A,N/A
bfd_seek,High-Level,Y,N,Y,N/A,N/A
bfd_set_default_target,Low-Level,Y,N,Y,N/A,N/A
bfd_set_error,High-Level,Y,N,Y,N/A,N/A
bfd_set_error_handler,High-Level,Y,N,N,N/A,N/A
bfd_set_error_handler_caching,High-Level,Y,N,Y,N/A,N/A
bfd_set_error_program_name,High-Level,Y,Y,Y,N/A,N/A
bfd_set_file_flags,High-Level,Y,N,N,N/A,N/A
bfd_set_filename,High-Level,Y,N,N,N/A,N/A
bfd_set_format,High-Level,Y,N,N,N/A,N/A
bfd_set_gp_value,High-Level,Y,N,N,N/A,N/A
bfd_set_input_error,High-Level,Y,N,N,N/A,N/A
bfd_set_lto_type,High-Level,Y,N,Y,N/A,N/A
bfd_set_section_contents,Low-Level,Y,N,N,N/A,N/A
bfd_set_section_flags,Low-Level,Y,N,N,N/A,N/A
bfd_set_section_size,High-Level,Y,N,N,N/A,N/A
bfd_set_start_address,Low-Level,Y,N,N,N/A,N/A
bfd_set_symtab,High-Level,Y,N,N,N/A,N/A
bfd_simple_get_relocated_section_contents,Low-Level,Y,N,N,N/A,N/A
bfd_slurp_armap,High-Level,Y,N,N,N/A,N/A
bfd_slurp_extended_name_table,Low-Level,Y,N,N,N/A,N/A
bfd_sprintf_vma,High-Level,Y,N,N,N/A,N/A
bfd_stab_cleanup,High-Level,Y,N,N,N/A,N/A
bfd_stab_section_find_nearest_line,Low-Level,Y,N,N,N/A,N/A
bfd_stat,High-Level,Y,N,N,N/A,N/A
bfd_stringtab_add,High-Level,Y,N,N,N/A,N/A
bfd_stringtab_emit,High-Level,Y,N,N,N/A,N/A
bfd_stringtab_free,High-Level,Y,N,N,N/A,N/A
bfd_stringtab_init,High-Level,Y,N,N,N/A,N/A
bfd_stringtab_size,High-Level,Y,N,N,N/A,N/A
bfd_sym_from_r_symndx,Low-Level,Y,N,N,N/A,N/A
bfd_symbol_info,High-Level,Y,N,N,N/A,N/A
bfd_target_list,High-Level,Y,N,Y,N/A,N/A
bfd_tell,High-Level,Y,N,N,N/A,N/A
bfd_thread_cleanup,High-Level,Y,N,N,N/A,N/A
bfd_unlink_from_archive_parent,Low-Level,Y,N,N,N/A,N/A
bfd_unlock,High-Level,Y,N,Y,N/A,N/A
bfd_unrecognized_reloc,Low-Level,Y,N,N,N/A,N/A
bfd_update_compression_header,Low-Level,Y,N,N,N/A,N/A
bfd_wrapped_link_hash_lookup,Low-Level,Y,N,N,N/A,N/A
bfd_write,High-Level,Y,N,N,N/A,N/A
bfd_write_archive_contents,High-Level,Y,N,N,N/A,N/A
bfd_write_bigendian_4byte_int,High-Level,Y,N,N,N/A,N/A
bfd_write_merged_section,High-Level,Y,N,N,N/A,N/A
bfd_write_section_stabs,High-Level,Y,N,N,N/A,N/A
bfd_write_stab_strings,High-Level,Y,N,N,N/A,N/A
bfd_x86_elf_adjust_dynamic_symbol,Low-Level,Y,N,N,N/A,N/A
bfd_x86_elf_check_relocs,Low-Level,Y,N,N,N/A,N/A
bfd_x86_elf_create_sframe_plt,Low-Level,Y,N,N,N/A,N/A
bfd_x86_elf_dtpoff_base,Low-Level,Y,N,N,N/A,N/A
bfd_x86_elf_early_size_sections,Low-Level,Y,N,N,N/A,N/A
bfd_x86_elf_finish_dynamic_sections,Low-Level,Y,N,N,N/A,N/A
bfd_x86_elf_fixup_symbol,Low-Level,Y,N,N,N/A,N/A
bfd_x86_elf_get_synthetic_symtab,Low-Level,Y,N,N,N/A,N/A
bfd_x86_elf_late_size_sections,Low-Level,Y,N,N,N/A,N/A
bfd_x86_elf_link_check_relocs,Low-Level,Y,N,N,N/A,N/A
bfd_x86_elf_link_fixup_ifunc_symbol,Low-Level,Y,N,N,N/A,N/A
bfd_x86_elf_link_hash_newfunc,Low-Level,Y,N,N,N/A,N/A
bfd_x86_elf_link_hash_table_create,Low-Level,Y,N,N,N/A,N/A
bfd_x86_elf_link_relax_section,Low-Level,Y,N,N,N/A,N/A
bfd_x86_elf_link_report_relative_reloc,Low-Level,Y,N,N,N/A,N/A
bfd_x86_elf_link_report_tls_transition_error,High-Level,Y,N,N,N/A,N/A
bfd_x86_elf_link_setup_gnu_properties,High-Level,Y,N,N,N/A,N/A
bfd_x86_elf_link_symbol_references_local,Low-Level,Y,N,N,N/A,N/A
bfd_x86_elf_merge_gnu_properties,Low-Level,Y,N,N,N/A,N/A
bfd_x86_elf_parse_gnu_properties,High-Level,Y,N,N,N/A,N/A
bfd_x86_elf_set_tls_module_base,Low-Level,Y,N,N,N/A,N/A
bfd_x86_elf_write_sframe_plt,High-Level,Y,N,N,N/A,N/A
bfd_xalloc,High-Level,Y,N,N,N/A,N/A
bfd_xcoff_stringtab_init,High-Level,Y,N,N,N/A,N/A
bfd_zalloc,High-Level,Y,N,N,N/A,N/A
bfd_zmalloc,High-Level,Y,N,N,N/A,N/A
bi_windup,High-Level,Y,N,N,N/A,N/A
binary_canonicalize_symtab,Low-Level,Y,N,N,N/A,N/A
binary_get_section_contents,Low-Level,Y,N,N,N/A,N/A
binary_object_p,High-Level,Y,N,N,N/A,N/A
binary_set_section_contents,Low-Level,Y,N,N,N/A,N/A
bindtextdomain,High-Level,N,Y,Y,N/A,N/A
build_tree,High-Level,Y,N,N,N/A,N/A
buildargv,High-Level,Y,N,Y,N/A,N/A
buy_and_read,High-Level,Y,N,N,N/A,N/A
cache_bclose,High-Level,Y,N,N,N/A,N/A
cache_bflush,High-Level,Y,N,N,N/A,N/A
cache_bmmap,High-Level,Y,N,N,N/A,N/A
cache_bread,High-Level,Y,N,N,N/A,N/A
cache_bseek,High-Level,Y,N,N,N/A,N/A
cache_bstat,High-Level,Y,N,N,N/A,N/A
cache_btell,High-Level,Y,N,N,N/A,N/A
cache_bwrite,High-Level,Y,N,N,N/A,N/A
canonical_filename_eq,High-Level,Y,N,N,N/A,N/A
check_build_id_file,High-Level,Y,N,N,N/A,N/A
check_dynsym,High-Level,Y,N,N,N/A,N/A
check_for_relocs,High-Level,Y,N,N,N/A,N/A
chmod,High-Level,N,N,Y,N/A,N/A
choose_tmpdir,High-Level,Y,N,N,N/A,N/A
cie_eq,High-Level,Y,N,N,N/A,N/A
close_one,High-Level,Y,N,Y,N/A,N/A
coff_amd64_reloc,High-Level,Y,N,N,N/A,N/A
coff_amd64_reloc_name_lookup,Low-Level,Y,N,N,N/A,N/A
coff_amd64_reloc_type_lookup,Low-Level,Y,N,N,N/A,N/A
coff_amd64_rtype_to_howto,Low-Level,Y,N,N,N/A,N/A
coff_bfd_make_debug_symbol,High-Level,Y,N,N,N/A,N/A
coff_bigobj_swap_aux_in,Low-Level,Y,N,N,N/A,N/A
coff_bigobj_swap_aux_out,Low-Level,Y,N,N,N/A,N/A
coff_bigobj_swap_filehdr_in,High-Level,Y,N,N,N/A,N/A
coff_bigobj_swap_filehdr_out,High-Level,Y,N,N,N/A,N/A
coff_bigobj_swap_sym_in,Low-Level,Y,N,N,N/A,N/A
coff_bigobj_swap_sym_out,Low-Level,Y,N,N,N/A,N/A
coff_canonicalize_reloc,Low-Level,Y,N,N,N/A,N/A
coff_canonicalize_symtab,Low-Level,Y,N,N,N/A,N/A
coff_classify_symbol,High-Level,Y,N,N,N/A,N/A
coff_compute_section_file_positions,High-Level,Y,N,N,N/A,N/A
coff_count_linenumbers,Low-Level,Y,N,N,N/A,N/A
coff_find_nearest_line_with_names,Low-Level,Y,N,N,N/A,N/A
coff_get_normalized_symtab,Low-Level,Y,N,N,N/A,N/A
coff_get_reloc_upper_bound,Low-Level,Y,N,N,N/A,N/A
coff_get_symbol_info,High-Level,Y,N,N,N/A,N/A
coff_get_symtab_upper_bound,Low-Level,Y,N,N,N/A,N/A
coff_i386_reloc,High-Level,Y,N,N,N/A,N/A
coff_i386_reloc_name_lookup,Low-Level,Y,N,N,N/A,N/A
coff_i386_reloc_type_lookup,Low-Level,Y,N,N,N/A,N/A
coff_i386_rtype_to_howto,Low-Level,Y,N,N,N/A,N/A
coff_link_check_archive_element,Low-Level,Y,N,N,N/A,N/A
coff_make_empty_symbol,Low-Level,Y,N,N,N/A,N/A
coff_mangle_symbols,High-Level,Y,N,N,N/A,N/A
coff_new_section_hook,Low-Level,Y,N,N,N/A,N/A
coff_object_cleanup,High-Level,Y,N,N,N/A,N/A
coff_object_p,High-Level,Y,N,N,N/A,N/A
coff_pe_amd64_relocate_section,Low-Level,Y,N,N,N/A,N/A
coff_pe_i386_relocate_section,Low-Level,Y,N,N,N/A,N/A
coff_print_aux,High-Level,Y,N,N,N/A,N/A
coff_print_symbol,High-Level,Y,N,N,N/A,N/A
coff_real_object_p,High-Level,Y,N,N,N/A,N/A
coff_renumber_symbols,Low-Level,Y,N,N,N/A,N/A
coff_section_from_bfd_index,Low-Level,Y,N,N,N/A,N/A
coff_set_alignment_hook,Low-Level,Y,N,N,N/A,N/A
coff_set_arch_mach,High-Level,Y,N,N,N/A,N/A
coff_set_arch_mach_hook,Low-Level,Y,N,N,N/A,N/A
coff_set_section_contents,Low-Level,Y,N,N,N/A,N/A
coff_slurp_symbol_table,Low-Level,Y,N,N,N/A,N/A
coff_swap_filehdr_in,High-Level,Y,N,N,N/A,N/A
coff_swap_reloc_in,High-Level,Y,N,N,N/A,N/A
coff_swap_reloc_out,High-Level,Y,N,N,N/A,N/A
coff_swap_scnhdr_in,High-Level,Y,N,N,N/A,N/A
coff_write_alien_symbol,High-Level,Y,N,N,N/A,N/A
coff_write_auxent_fname,High-Level,Y,N,N,N/A,N/A
coff_write_linenumbers,High-Level,Y,N,N,N/A,N/A
coff_write_object_contents,High-Level,Y,N,N,N/A,N/A
coff_write_symbol,High-Level,Y,N,N,N/A,N/A
coff_write_symbols,High-Level,Y,N,N,N/A,N/A
comdat_delf,High-Level,Y,N,N,N/A,N/A
comp_unit_find_line,High-Level,Y,N,N,N/A,N/A
comp_unit_find_nearest_line,Low-Level,Y,N,N,N/A,N/A
comp_unit_maybe_decode_line_info,Low-Level,Y,N,N,N/A,N/A
compress,High-Level,Y,N,N,N/A,N/A
compress2,High-Level,Y,N,N,N/A,N/A
compressBound,High-Level,Y,N,N,N/A,N/A
compress_block,High-Level,Y,N,N,N/A,N/A
compute_bucket_count,High-Level,Y,N,N,N/A,N/A
concat,High-Level,Y,N,N,N/A,N/A
concat_copy,High-Level,Y,N,N,N/A,N/A
concat_copy2,High-Level,Y,N,N,N/A,N/A
concat_filename,High-Level,Y,N,N,N/A,N/A
concat_length,High-Level,Y,N,N,N/A,N/A
copy_name,High-Level,Y,N,N,N/A,N/A
copy_special_section_fields,Low-Level,Y,N,N,N/A,N/A
core_file_matches_executable_p,High-Level,Y,N,N,N/A,N/A
cplus_demangle,High-Level,Y,N,Y,N/A,N/A
cplus_demangle_mangled_name,Low-Level,Y,N,Y,N/A,N/A
cplus_demangle_name_to_style,Low-Level,Y,Y,Y,N/A,N/A
cplus_demangle_print,High-Level,Y,N,N,N/A,N/A
cplus_demangle_print_callback,High-Level,Y,N,Y,N/A,N/A
cplus_demangle_set_style,Low-Level,Y,Y,Y,N/A,N/A
cplus_demangle_type,High-Level,Y,N,Y,N/A,N/A
cplus_demangle_v3,High-Level,Y,N,Y,N/A,N/A
crc32,High-Level,Y,N,N,N/A,N/A
crc32_combine,High-Level,Y,N,N,N/A,N/A
crc32_combine64,High-Level,Y,N,N,N/A,N/A
crc32_combine_gen,High-Level,Y,N,N,N/A,N/A
crc32_combine_gen64,High-Level,Y,N,N,N/A,N/A
d_append_char,High-Level,Y,N,Y,N/A,N/A
d_append_num,High-Level,Y,N,N,N/A,N/A
d_append_string,High-Level,Y,N,Y,N/A,N/A
d_bare_function_type,High-Level,Y,N,Y,N/A,N/A
d_call_offset,High-Level,Y,N,Y,N/A,N/A
d_count_templates_scopes,Low-Level,Y,N,Y,N/A,N/A
d_cv_qualifiers,High-Level,Y,N,Y,N/A,N/A
d_demangle_callback,High-Level,Y,N,Y,N/A,N/A
d_discriminator,High-Level,Y,N,Y,N/A,N/A
d_encoding,High-Level,Y,N,Y,N/A,N/A
d_expr_primary,High-Level,Y,N,N,N/A,N/A
d_expression,High-Level,Y,N,Y,N/A,N/A
d_exprlist,High-Level,Y,N,Y,N/A,N/A
d_find_pack,High-Level,Y,N,Y,N/A,N/A
d_function_type,High-Level,Y,N,Y,N/A,N/A
d_growable_string_callback_adapter,Low-Level,Y,N,N,N/A,N/A
d_index_template_argument,Low-Level,Y,N,Y,N/A,N/A
d_lookup_template_argument,Low-Level,Y,N,Y,N/A,N/A
d_make_comp,High-Level,Y,N,Y,N/A,N/A
d_make_name,High-Level,Y,N,Y,N/A,N/A
d_maybe_module_name,High-Level,Y,N,Y,N/A,N/A
d_maybe_print_designated_init,High-Level,Y,N,Y,N/A,N/A
d_maybe_print_fold_expression,High-Level,Y,N,Y,N/A,N/A
d_name,High-Level,Y,N,Y,N/A,N/A
d_number,High-Level,Y,N,Y,N/A,N/A
d_operator_name,High-Level,Y,N,Y,N/A,N/A
d_pack_length,High-Level,Y,N,Y,N/A,N/A
d_parmlist,High-Level,Y,N,Y,N/A,N/A
d_prefix,High-Level,Y,N,Y,N/A,N/A
d_print_array_type,High-Level,Y,N,Y,N/A,N/A
d_print_comp,High-Level,Y,N,Y,N/A,N/A
d_print_comp_inner,High-Level,Y,N,Y,N/A,N/A
d_print_expr_op,High-Level,Y,N,Y,N/A,N/A
d_print_function_type,High-Level,Y,N,Y,N/A,N/A
d_print_lambda_parm_name,High-Level,Y,N,Y,N/A,N/A
d_print_mod,High-Level,Y,N,Y,N/A,N/A
d_print_mod_list,High-Level,Y,N,Y,N/A,N/A
d_print_subexpr,High-Level,Y,N,Y,N/A,N/A
d_ref_qualifier,High-Level,Y,N,Y,N/A,N/A
d_source_name,High-Level,Y,N,Y,N/A,N/A
d_special_name,High-Level,Y,N,Y,N/A,N/A
d_substitution,High-Level,Y,N,Y,N/A,N/A
d_template_arg,High-Level,Y,N,Y,N/A,N/A
d_template_args,High-Level,Y,N,Y,N/A,N/A
d_template_head,High-Level,Y,N,Y,N/A,N/A
d_template_param,High-Level,Y,N,Y,N/A,N/A
d_template_parm,High-Level,Y,N,Y,N/A,N/A
d_unqualified_name,High-Level,Y,N,Y,N/A,N/A
dcgettext,High-Level,N,Y,Y,N/A,N/A
debug_printf,High-Level,Y,N,N,N/A,N/A
decompress_contents,High-Level,Y,N,N,N/A,N/A
decoration_hash_newfunc,Low-Level,Y,N,N,N/A,N/A
default_indirect_link_order,Low-Level,Y,N,N,N/A,N/A
deflate,High-Level,Y,N,N,N/A,N/A
deflateBound,High-Level,Y,N,N,N/A,N/A
deflateCopy,High-Level,Y,N,N,N/A,N/A
deflateEnd,High-Level,Y,N,N,N/A,N/A
deflateGetDictionary,High-Level,Y,N,N,N/A,N/A
deflateInit2_,High-Level,Y,N,N,N/A,N/A
deflateInit_,High-Level,Y,N,N,N/A,N/A
deflateParams,High-Level,Y,N,N,N/A,N/A
deflatePending,High-Level,Y,N,N,N/A,N/A
deflatePrime,High-Level,Y,N,N,N/A,N/A
deflateReset,High-Level,Y,N,N,N/A,N/A
deflateResetKeep,High-Level,Y,N,N,N/A,N/A
deflateSetDictionary,High-Level,Y,N,N,N/A,N/A
deflateSetHeader,High-Level,Y,N,N,N/A,N/A
deflateStateCheck,High-Level,Y,N,N,N/A,N/A
deflateTune,High-Level,Y,N,N,N/A,N/A
deflate_fast,High-Level,Y,N,N,N/A,N/A
deflate_slow,High-Level,Y,N,N,N/A,N/A
deflate_stored,High-Level,Y,N,N,N/A,N/A
del_abbrev,High-Level,Y,N,N,N/A,N/A
demangle_binder,High-Level,Y,N,Y,N/A,N/A
demangle_const,High-Level,Y,N,Y,N/A,N/A
demangle_const_uint,High-Level,Y,N,Y,N/A,N/A
demangle_generic_arg,High-Level,Y,N,Y,N/A,N/A
demangle_path,High-Level,Y,N,Y,N/A,N/A
demangle_path_maybe_open_generics,Low-Level,Y,N,Y,N/A,N/A
demangle_type,High-Level,Y,N,Y,N/A,N/A
deregister_tm_clones,High-Level,Y,N,N,N/A,N/A
display_info,High-Level,Y,N,N,N/A,N/A
dlang_decode_backref,High-Level,Y,N,N,N/A,N/A
dlang_demangle,High-Level,Y,N,N,N/A,N/A
dlang_function_type,High-Level,Y,N,N,N/A,N/A
dlang_function_type_noreturn,Low-Level,Y,N,N,N/A,N/A
dlang_identifier,High-Level,Y,N,N,N/A,N/A
dlang_lname,High-Level,Y,N,N,N/A,N/A
dlang_number,High-Level,Y,N,N,N/A,N/A
dlang_parse_integer,High-Level,Y,N,N,N/A,N/A
dlang_parse_mangle,High-Level,Y,N,N,N/A,N/A
dlang_parse_qualified,High-Level,Y,N,N,N/A,N/A
dlang_parse_real,High-Level,Y,N,N,N/A,N/A
dlang_parse_template,High-Level,Y,N,N,N/A,N/A
dlang_symbol_name_p,High-Level,Y,N,N,N/A,N/A
dlang_type,High-Level,Y,N,N,N/A,N/A
dlang_type_backref,High-Level,Y,N,N,N/A,N/A
dlang_type_modifiers.constprop.0,Low-Level,Y,N,N,N/A,N/A
dlang_value,High-Level,Y,N,N,N/A,N/A
do_display_target,High-Level,Y,N,N,N/A,N/A
do_slurp_bsd_armap,High-Level,Y,N,N,N/A,N/A
dummy_reloc16_estimate,Low-Level,Y,N,N,N/A,N/A
dupargv,High-Level,Y,N,Y,N/A,N/A
dwarf1_unit_find_nearest_line,Low-Level,Y,N,N,N/A,N/A
elf32_dt_relr_bitmap_add,Low-Level,Y,N,N,N/A,N/A
elf32_generic_link_add_symbols,Low-Level,Y,N,N,N/A,N/A
elf32_iamcu_elf_object_p,Low-Level,Y,N,N,N/A,N/A
elf32_x86_64_elf_object_p,Low-Level,Y,N,N,N/A,N/A
elf64_dt_relr_bitmap_add,Low-Level,Y,N,N,N/A,N/A
elf64_generic_link_add_symbols,Low-Level,Y,N,N,N/A,N/A
elf64_x86_64_elf_object_p,Low-Level,Y,N,N,N/A,N/A
elf_add_obj_attr_int_string,Low-Level,Y,N,N,N/A,N/A
elf_add_obj_attr_string,Low-Level,Y,N,N,N/A,N/A
elf_adjust_dynstr_offsets,Low-Level,Y,N,N,N/A,N/A
elf_append_rel,High-Level,Y,N,N,N/A,N/A
elf_append_rela,High-Level,Y,N,N,N/A,N/A
elf_attr_strdup,High-Level,Y,N,N,N/A,N/A
elf_collect_gnu_hash_codes,Low-Level,Y,N,N,N/A,N/A
elf_collect_hash_codes,Low-Level,Y,N,N,N/A,N/A
elf_create_symbuf,High-Level,Y,N,N,N/A,N/A
elf_fake_sections,High-Level,Y,N,N,N/A,N/A
elf_final_link_free,High-Level,Y,N,N,N/A,N/A
elf_find_and_remove_property,Low-Level,Y,N,N,N/A,N/A
elf_gc_allocate_got_offsets,Low-Level,Y,N,N,N/A,N/A
elf_gc_mark_debug_section,High-Level,Y,N,N,N/A,N/A
elf_gc_propagate_vtable_entries_used,Low-Level,Y,N,N,N/A,N/A
elf_gc_smash_unused_vtentry_relocs,Low-Level,Y,N,N,N/A,N/A
elf_gc_sweep_symbol,High-Level,Y,N,N,N/A,N/A
elf_gnu_hash_process_symidx,High-Level,Y,N,N,N/A,N/A
elf_i386_early_size_sections,Low-Level,Y,N,N,N/A,N/A
elf_i386_fake_sections,Low-Level,Y,N,N,N/A,N/A
elf_i386_finish_dynamic_sections,Low-Level,Y,N,N,N/A,N/A
elf_i386_finish_dynamic_symbol,Low-Level,Y,N,N,N/A,N/A
elf_i386_finish_local_dynamic_symbol,Low-Level,Y,N,N,N/A,N/A
elf_i386_get_synthetic_symtab,Low-Level,Y,N,N,N/A,N/A
elf_i386_grok_prstatus,Low-Level,Y,N,N,N/A,N/A
elf_i386_grok_psinfo,High-Level,Y,N,N,N/A,N/A
elf_i386_info_to_howto_rel,Low-Level,Y,N,N,N/A,N/A
elf_i386_is_reloc_section,Low-Level,Y,N,N,N/A,N/A
elf_i386_link_setup_gnu_properties,High-Level,Y,N,N,N/A,N/A
elf_i386_output_arch_local_syms,High-Level,Y,N,N,N/A,N/A
elf_i386_pie_finish_undefweak_symbol,Low-Level,Y,N,N,N/A,N/A
elf_i386_reloc_name_lookup,Low-Level,Y,N,N,N/A,N/A
elf_i386_reloc_type_class,Low-Level,Y,N,N,N/A,N/A
elf_i386_reloc_type_lookup,Low-Level,Y,N,N,N/A,N/A
elf_i386_relocate_section,Low-Level,Y,N,N,N/A,N/A
elf_i386_rtype_to_howto,Low-Level,Y,N,N,N/A,N/A
elf_i386_scan_relocs,High-Level,Y,N,N,N/A,N/A
elf_i386_tls_transition,Low-Level,Y,N,N,N/A,N/A
elf_i386_tpoff,High-Level,Y,N,N,N/A,N/A
elf_link_add_glibc_verneed,Low-Level,Y,N,N,N/A,N/A
elf_link_add_to_first_hash,Low-Level,Y,N,N,N/A,N/A
elf_link_adjust_relocs,Low-Level,Y,N,N,N/A,N/A
elf_link_check_versioned_symbol,Low-Level,Y,N,N,N/A,N/A
elf_link_first_hash_newfunc,Low-Level,Y,N,N,N/A,N/A
elf_link_hash_lookup,High-Level,Y,N,N,N/A,N/A
elf_link_hash_traverse,Low-Level,Y,N,N,N/A,N/A
elf_link_output_extsym,High-Level,Y,N,N,N/A,N/A
elf_link_output_symstrtab,High-Level,Y,N,N,N/A,N/A
elf_link_read_relocs_from_section,High-Level,Y,N,N,N/A,N/A
elf_link_sort_relocs.constprop.0,Low-Level,Y,N,N,N/A,N/A
elf_merge_gnu_properties,Low-Level,Y,N,N,N/A,N/A
elf_merge_st_other,High-Level,Y,N,N,N/A,N/A
elf_mmap_section_contents,Low-Level,Y,N,N,N/A,N/A
elf_new_obj_attr,High-Level,Y,N,N,N/A,N/A
elf_parse_notes,High-Level,Y,N,N,N/A,N/A
elf_phdr,High-Level,Y,N,N,N/A,N/A
elf_read_notes,High-Level,Y,N,N,N/A,N/A
elf_slurp_reloc_table_from_section,Low-Level,Y,N,N,N/A,N/A
elf_sort_segments,High-Level,Y,N,N,N/A,N/A
elf_strtab_hash_newfunc,Low-Level,Y,N,N,N/A,N/A
elf_swap_ehdr_in,High-Level,Y,N,N,N/A,N/A
elf_swap_ehdr_out,High-Level,Y,N,N,N/A,N/A
elf_swap_shdr_in,High-Level,Y,N,N,N/A,N/A
elf_swap_shdr_out,High-Level,Y,N,N,N/A,N/A
elf_sym_name_compare,High-Level,Y,N,N,N/A,N/A
elf_vxworks_add_dynamic_entries,Low-Level,Y,N,N,N/A,N/A
elf_vxworks_add_symbol_hook,Low-Level,Y,N,N,N/A,N/A
elf_vxworks_create_dynamic_sections,Low-Level,Y,N,N,N/A,N/A
elf_vxworks_final_write_processing,High-Level,Y,N,N,N/A,N/A
elf_vxworks_finish_dynamic_entry,Low-Level,Y,N,N,N/A,N/A
elf_vxworks_gott_symbol_p,Low-Level,Y,N,N,N/A,N/A
elf_vxworks_link_output_symbol_hook,High-Level,Y,N,N,N/A,N/A
elf_write_gnu_properties,High-Level,Y,N,N,N/A,N/A
elf_x86_64_add_glibc_version_dependency,Low-Level,Y,N,N,N/A,N/A
elf_x86_64_add_symbol_hook,Low-Level,Y,N,N,N/A,N/A
elf_x86_64_additional_program_headers,Low-Level,Y,N,N,N/A,N/A
elf_x86_64_copy_private_section_data,Low-Level,Y,N,N,N/A,N/A
elf_x86_64_early_size_sections,Low-Level,Y,N,N,N/A,N/A
elf_x86_64_finish_dynamic_sections,Low-Level,Y,N,N,N/A,N/A
elf_x86_64_finish_dynamic_symbol,Low-Level,Y,N,N,N/A,N/A
elf_x86_64_finish_local_dynamic_symbol,Low-Level,Y,N,N,N/A,N/A
elf_x86_64_get_synthetic_symtab,Low-Level,Y,N,N,N/A,N/A
elf_x86_64_grok_prstatus,Low-Level,Y,N,N,N/A,N/A
elf_x86_64_grok_psinfo,Low-Level,Y,N,N,N/A,N/A
elf_x86_64_info_to_howto,Low-Level,Y,N,N,N/A,N/A
elf_x86_64_is_reloc_section,Low-Level,Y,N,N,N/A,N/A
elf_x86_64_link_setup_gnu_properties,High-Level,Y,N,N,N/A,N/A
elf_x86_64_merge_symbol,Low-Level,Y,N,N,N/A,N/A
elf_x86_64_need_pic,High-Level,Y,N,N,N/A,N/A
elf_x86_64_output_arch_local_syms,High-Level,Y,N,N,N/A,N/A
elf_x86_64_reloc_name_lookup,Low-Level,Y,N,N,N/A,N/A
elf_x86_64_reloc_type_class,Low-Level,Y,N,N,N/A,N/A
elf_x86_64_relocate_section,Low-Level,Y,N,N,N/A,N/A
elf_x86_64_rtype_to_howto,Low-Level,Y,N,N,N/A,N/A
elf_x86_64_scan_relocs,Low-Level,Y,N,N,N/A,N/A
elf_x86_64_tls_transition,Low-Level,Y,N,N,N/A,N/A
elf_x86_64_tpoff,High-Level,Y,N,N,N/A,N/A
elf_x86_64_write_core_note,High-Level,Y,N,N,N/A,N/A
elf_x86_allocate_dynrelocs,Low-Level,Y,N,N,N/A,N/A
elf_x86_allocate_local_dynreloc,Low-Level,Y,N,N,N/A,N/A
elf_x86_compute_dl_relr_bitmap,Low-Level,Y,N,N,N/A,N/A
elf_x86_hide_linker_defined,Low-Level,Y,N,N,N/A,N/A
elf_x86_link_hash_table_free,Low-Level,Y,N,N,N/A,N/A
elf_x86_linker_defined,Low-Level,Y,N,N,N/A,N/A
elf_x86_relative_reloc_record_add,Low-Level,Y,N,N,N/A,N/A
elf_x86_size_or_finish_relative_reloc,Low-Level,Y,N,N,N/A,N/A
elfcore_grok_freebsd_note,Low-Level,Y,N,N,N/A,N/A
elfcore_grok_netbsd_note,Low-Level,Y,N,N,N/A,N/A
elfcore_grok_note,High-Level,Y,N,N,N/A,N/A
elfcore_grok_nto_note,Low-Level,Y,N,N,N/A,N/A
elfcore_grok_nto_regs,Low-Level,Y,N,N,N/A,N/A
elfcore_grok_openbsd_note,Low-Level,Y,N,N,N/A,N/A
elfcore_grok_prstatus,Low-Level,Y,N,N,N/A,N/A
elfcore_grok_psinfo,High-Level,Y,N,N,N/A,N/A
elfcore_grok_solaris_lwpstatus,Low-Level,Y,N,N,N/A,N/A
elfcore_grok_solaris_note,Low-Level,Y,N,N,N/A,N/A
elfcore_grok_solaris_prstatus,Low-Level,Y,N,N,N/A,N/A
elfcore_grok_spu_note,Low-Level,Y,N,N,N/A,N/A
elfcore_write_aarch_hw_break,High-Level,Y,N,N,N/A,N/A
elfcore_write_aarch_hw_watch,High-Level,Y,N,N,N/A,N/A
elfcore_write_aarch_mte,High-Level,Y,N,N,N/A,N/A
elfcore_write_aarch_pauth,High-Level,Y,N,N,N/A,N/A
elfcore_write_aarch_ssve,High-Level,Y,N,N,N/A,N/A
elfcore_write_aarch_sve,High-Level,Y,N,N,N/A,N/A
elfcore_write_aarch_tls,High-Level,Y,N,N,N/A,N/A
elfcore_write_aarch_za,High-Level,Y,N,N,N/A,N/A
elfcore_write_aarch_zt,High-Level,Y,N,N,N/A,N/A
elfcore_write_arc_v2,High-Level,Y,N,N,N/A,N/A
elfcore_write_arm_vfp,High-Level,Y,N,N,N/A,N/A
elfcore_write_file_note,High-Level,Y,N,N,N/A,N/A
elfcore_write_gdb_tdesc,High-Level,Y,N,N,N/A,N/A
elfcore_write_linux_prpsinfo32,High-Level,Y,N,N,N/A,N/A
elfcore_write_linux_prpsinfo64,High-Level,Y,N,N,N/A,N/A
elfcore_write_loongarch_cpucfg,High-Level,Y,N,N,N/A,N/A
elfcore_write_loongarch_lasx,High-Level,Y,N,N,N/A,N/A
elfcore_write_loongarch_lbt,High-Level,Y,N,N,N/A,N/A
elfcore_write_loongarch_lsx,High-Level,Y,N,N,N/A,N/A
elfcore_write_note,High-Level,Y,N,N,N/A,N/A
elfcore_write_ppc_dscr,High-Level,Y,N,N,N/A,N/A
elfcore_write_ppc_ebb,High-Level,Y,N,N,N/A,N/A
elfcore_write_ppc_pmu,High-Level,Y,N,N,N/A,N/A
elfcore_write_ppc_ppr,High-Level,Y,N,N,N/A,N/A
elfcore_write_ppc_tar,High-Level,Y,N,N,N/A,N/A
elfcore_write_ppc_tm_cdscr,High-Level,Y,N,N,N/A,N/A
elfcore_write_ppc_tm_cfpr,High-Level,Y,N,N,N/A,N/A
elfcore_write_ppc_tm_cgpr,High-Level,Y,N,N,N/A,N/A
elfcore_write_ppc_tm_cppr,High-Level,Y,N,N,N/A,N/A
elfcore_write_ppc_tm_ctar,High-Level,Y,N,N,N/A,N/A
elfcore_write_ppc_tm_cvmx,High-Level,Y,N,N,N/A,N/A
elfcore_write_ppc_tm_cvsx,High-Level,Y,N,N,N/A,N/A
elfcore_write_ppc_tm_spr,High-Level,Y,N,N,N/A,N/A
elfcore_write_ppc_vmx,High-Level,Y,N,N,N/A,N/A
elfcore_write_ppc_vsx,High-Level,Y,N,N,N/A,N/A
elfcore_write_prfpreg,High-Level,Y,N,N,N/A,N/A
elfcore_write_prpsinfo,High-Level,Y,N,N,N/A,N/A
elfcore_write_prstatus,High-Level,Y,N,N,N/A,N/A
elfcore_write_prxfpreg,High-Level,Y,N,N,N/A,N/A
elfcore_write_register_note,High-Level,Y,N,N,N/A,N/A
elfcore_write_riscv_csr,High-Level,Y,N,N,N/A,N/A
elfcore_write_s390_ctrs,High-Level,Y,N,N,N/A,N/A
elfcore_write_s390_gs_bc,High-Level,Y,N,N,N/A,N/A
elfcore_write_s390_gs_cb,High-Level,Y,N,N,N/A,N/A
elfcore_write_s390_last_break,High-Level,Y,N,N,N/A,N/A
elfcore_write_s390_prefix,High-Level,Y,N,N,N/A,N/A
elfcore_write_s390_system_call,High-Level,Y,N,N,N/A,N/A
elfcore_write_s390_tdb,High-Level,Y,N,N,N/A,N/A
elfcore_write_s390_timer,High-Level,Y,N,N,N/A,N/A
elfcore_write_s390_todcmp,High-Level,Y,N,N,N/A,N/A
elfcore_write_s390_todpreg,High-Level,Y,N,N,N/A,N/A
elfcore_write_s390_vxrs_high,High-Level,Y,N,N,N/A,N/A
elfcore_write_s390_vxrs_low,High-Level,Y,N,N,N/A,N/A
elfcore_write_x86_segbases,High-Level,Y,N,N,N/A,N/A
elfcore_write_xstatereg,High-Level,Y,N,N,N/A,N/A
elfobj_grok_gnu_note,High-Level,Y,N,N,N/A,N/A
endian_string,High-Level,Y,N,N,N/A,N/A
entry.fini0,High-Level,Y,N,N,N/A,N/A
entry0,High-Level,Y,N,N,N/A,N/A
eq_asymbol,High-Level,Y,N,N,N/A,N/A
err_sprintf,High-Level,Y,N,N,N/A,N/A
errno_location,High-Level,N,N,Y,N/A,N/A
error_handler_fprintf,High-Level,Y,N,Y,N/A,N/A
error_handler_sprintf,High-Level,Y,N,Y,N/A,N/A
eval_symbol,High-Level,Y,N,N,N/A,N/A
exit,High-Level,N,N,Y,N/A,N/A
expandargv,High-Level,Y,Y,Y,N/A,N/A
extract_long_section_name,Low-Level,Y,N,N,N/A,N/A
fatal,High-Level,Y,Y,Y,N/A,N/A
fclose,High-Level,N,N,Y,N/A,N/A
fcntl,High-Level,N,N,Y,N/A,N/A
ferror,High-Level,N,N,Y,N/A,N/A
fflush,High-Level,N,Y,Y,N/A,N/A
fgets,High-Level,N,Y,Y,N/A,N/A
filename_cmp,High-Level,Y,N,N,N/A,N/A
filename_eq,High-Level,Y,N,N,N/A,N/A
filename_ncmp,High-Level,Y,N,N,N/A,N/A
fileno,High-Level,N,N,Y,N/A,N/A
fill_window,High-Level,Y,N,N,N/A,N/A
find_abstract_instance,Low-Level,Y,N,N,N/A,N/A
find_address_in_section,Low-Level,Y,N,N,N/A,N/A
find_chunk,High-Level,Y,N,N,N/A,N/A
find_debug_info,High-Level,Y,N,N,N/A,N/A
find_link,High-Level,Y,N,N,N/A,N/A
find_separate_debug_file,High-Level,Y,N,N,N/A,N/A
find_target,High-Level,Y,N,Y,N/A,N/A
first_phase,High-Level,Y,N,N,N/A,N/A
flip_sframe,High-Level,Y,N,N,N/A,N/A
flush_pending,High-Level,Y,N,N,N/A,N/A
fnmatch,High-Level,N,N,Y,N/A,N/A
fopen,High-Level,N,N,Y,N/A,N/A
fopen64,High-Level,N,N,Y,N/A,N/A
fprintf_chk,High-Level,N,N,Y,N/A,N/A
fputc,High-Level,N,N,Y,N/A,N/A
fread,High-Level,N,N,Y,N/A,N/A
free,High-Level,N,Y,Y,N/A,N/A
freeargv,High-Level,Y,N,N,N/A,N/A
fseek,High-Level,N,N,Y,N/A,N/A
ftell,High-Level,N,N,Y,N/A,N/A
generic_add_output_symbol,High-Level,Y,N,N,N/A,N/A
generic_core_file_matches_executable_p,High-Level,Y,N,N,N/A,N/A
generic_link_check_archive_element,Low-Level,Y,N,N,N/A,N/A
get_DW_EH_PE_width,High-Level,Y,N,N,N/A,N/A
get_alt_debug_link_info_shim,High-Level,Y,N,N,N/A,N/A
get_build_id,High-Level,Y,N,N,N/A,N/A
get_build_id_name,High-Level,Y,N,N,N/A,N/A
get_contents_sanity_check,Low-Level,Y,N,N,N/A,N/A
get_dynamic_reloc_section_name,Low-Level,Y,N,N,N/A,N/A
get_ext_sym_hash_from_cookie,Low-Level,Y,N,N,N/A,N/A
get_file_size,High-Level,Y,Y,Y,N/A,N/A
get_hash_table_data.constprop.0,Low-Level,Y,N,N,N/A,N/A
get_program_header_size,Low-Level,Y,N,N,N/A,N/A
get_segment_type,High-Level,Y,N,N,N/A,N/A
getopt_long,High-Level,N,Y,Y,N/A,N/A
getpwd,High-Level,Y,N,N,N/A,N/A
getrlimit,High-Level,N,N,Y,N/A,N/A
getsym,High-Level,Y,N,N,N/A,N/A
getvalue,High-Level,Y,N,N,N/A,N/A
hash_entry_bfd,High-Level,Y,N,N,N/A,N/A
hex_init,High-Level,Y,N,N,N/A,N/A
higher_prime_index,High-Level,Y,N,N,N/A,N/A
htab_clear_slot,High-Level,Y,N,N,N/A,N/A
htab_create,High-Level,Y,N,N,N/A,N/A
htab_create_alloc,High-Level,Y,N,N,N/A,N/A
htab_create_alloc_ex,High-Level,Y,N,N,N/A,N/A
htab_create_typed_alloc,Low-Level,Y,N,N,N/A,N/A
htab_delete,High-Level,Y,N,N,N/A,N/A
htab_elements,High-Level,Y,N,N,N/A,N/A
htab_empty,High-Level,Y,N,N,N/A,N/A
htab_eq_string,High-Level,Y,N,N,N/A,N/A
htab_expand,High-Level,Y,N,N,N/A,N/A
htab_find,High-Level,Y,N,N,N/A,N/A
htab_find_slot,High-Level,Y,N,N,N/A,N/A
htab_find_slot_with_hash,Low-Level,Y,N,N,N/A,N/A
htab_find_with_hash,High-Level,Y,N,N,N/A,N/A
htab_remove_elt,High-Level,Y,N,N,N/A,N/A
htab_remove_elt_with_hash,Low-Level,Y,N,N,N/A,N/A
htab_traverse,High-Level,Y,N,N,N/A,N/A
htab_traverse_noresize,Low-Level,Y,N,N,N/A,N/A
htab_try_create,High-Level,Y,N,N,N/A,N/A
ignore_sym,High-Level,Y,N,N,N/A,N/A
ihex_bad_byte,High-Level,Y,N,N,N/A,N/A
ihex_get_section_contents,Low-Level,Y,N,N,N/A,N/A
ihex_mkobject,High-Level,Y,N,N,N/A,N/A
ihex_object_p,High-Level,Y,N,N,N/A,N/A
ihex_set_arch_mach,High-Level,Y,N,N,N/A,N/A
ihex_set_section_contents,Low-Level,Y,N,N,N/A,N/A
ihex_write_object_contents,High-Level,Y,N,N,N/A,N/A
ihex_write_record,High-Level,Y,N,N,N/A,N/A
imp.__assert_fail,High-Level,Y,N,N,N/A,N/A
imp.__errno_location,High-Level,Y,N,N,N/A,N/A
imp.__fprintf_chk,High-Level,Y,N,N,N/A,N/A
imp.__isoc23_sscanf,High-Level,Y,N,N,N/A,N/A
imp.__isoc23_strtol,High-Level,Y,N,N,N/A,N/A
imp.__isoc23_strtoul,High-Level,Y,N,N,N/A,N/A
imp.__memcpy_chk,High-Level,Y,N,N,N/A,N/A
imp.__memmove_chk,High-Level,Y,N,N,N/A,N/A
imp.__memset_chk,High-Level,Y,N,N,N/A,N/A
imp.__printf_chk,High-Level,Y,N,N,N/A,N/A
imp.__realpath_chk,High-Level,Y,N,N,N/A,N/A
imp.__snprintf_chk,High-Level,Y,N,N,N/A,N/A
imp.__sprintf_chk,High-Level,Y,N,N,N/A,N/A
imp.__stack_chk_fail,High-Level,Y,N,N,N/A,N/A
imp.__strcat_chk,High-Level,Y,N,N,N/A,N/A
imp.__strcpy_chk,High-Level,Y,N,N,N/A,N/A
imp.__strncpy_chk,High-Level,Y,N,N,N/A,N/A
imp.__vasprintf_chk,High-Level,Y,N,N,N/A,N/A
imp.__vfprintf_chk,High-Level,Y,N,N,N/A,N/A
imp.__vsnprintf_chk,High-Level,Y,N,N,N/A,N/A
imp._exit,High-Level,Y,N,N,N/A,N/A
imp.abort,High-Level,Y,N,N,N/A,N/A
imp.access,High-Level,Y,N,N,N/A,N/A
imp.bindtextdomain,High-Level,Y,N,N,N/A,N/A
imp.chmod,High-Level,Y,N,N,N/A,N/A
imp.close,High-Level,Y,N,N,N/A,N/A
imp.closedir,High-Level,Y,N,N,N/A,N/A
imp.ctime,High-Level,Y,N,N,N/A,N/A
imp.dcgettext,High-Level,Y,N,N,N/A,N/A
imp.dlclose,High-Level,Y,N,N,N/A,N/A
imp.dlerror,High-Level,Y,N,N,N/A,N/A
imp.dlopen,High-Level,Y,N,N,N/A,N/A
imp.dlsym,High-Level,Y,N,N,N/A,N/A
imp.dup,High-Level,Y,N,N,N/A,N/A
imp.exit,High-Level,Y,N,N,N/A,N/A
imp.fclose,High-Level,Y,N,N,N/A,N/A
imp.fcntl,High-Level,Y,N,N,N/A,N/A
imp.fdopen,High-Level,Y,N,N,N/A,N/A
imp.ferror,High-Level,Y,N,N,N/A,N/A
imp.fflush,High-Level,Y,N,N,N/A,N/A
imp.fgets,High-Level,Y,N,N,N/A,N/A
imp.fileno,High-Level,Y,N,N,N/A,N/A
imp.fnmatch,High-Level,Y,N,N,N/A,N/A
imp.fopen,High-Level,Y,N,N,N/A,N/A
imp.fopen64,High-Level,Y,N,N,N/A,N/A
imp.fputc,High-Level,Y,N,N,N/A,N/A
imp.fputs,High-Level,Y,N,N,N/A,N/A
imp.fread,High-Level,Y,N,N,N/A,N/A
imp.fseek,High-Level,Y,N,N,N/A,N/A
imp.fstat,High-Level,Y,N,N,N/A,N/A
imp.ftell,High-Level,Y,N,N,N/A,N/A
imp.fwrite,High-Level,Y,N,N,N/A,N/A
imp.getcwd,High-Level,Y,N,N,N/A,N/A
imp.getenv,High-Level,Y,N,N,N/A,N/A
imp.getgid,High-Level,Y,N,N,N/A,N/A
imp.getopt_long,High-Level,Y,N,N,N/A,N/A
imp.getpagesize,High-Level,Y,N,N,N/A,N/A
imp.getrlimit,High-Level,Y,N,N,N/A,N/A
imp.getuid,High-Level,Y,N,N,N/A,N/A
imp.lstat,High-Level,Y,N,N,N/A,N/A
imp.malloc,High-Level,Y,N,N,N/A,N/A
imp.memchr,High-Level,Y,N,N,N/A,N/A
imp.memcmp,High-Level,Y,N,N,N/A,N/A
imp.memcpy,High-Level,Y,N,N,N/A,N/A
imp.memmove,High-Level,Y,N,N,N/A,N/A
imp.memset,High-Level,Y,N,N,N/A,N/A
imp.mkdtemp,High-Level,Y,N,N,N/A,N/A
imp.mkstemp,High-Level,Y,N,N,N/A,N/A
imp.mmap,High-Level,Y,N,N,N/A,N/A
imp.munmap,High-Level,Y,N,N,N/A,N/A
imp.open,High-Level,Y,N,N,N/A,N/A
imp.opendir,High-Level,Y,N,N,N/A,N/A
imp.putc,High-Level,Y,N,N,N/A,N/A
imp.putchar,High-Level,Y,N,N,N/A,N/A
imp.puts,High-Level,Y,N,N,N/A,N/A
imp.qsort,High-Level,Y,N,N,N/A,N/A
imp.readdir,High-Level,Y,N,N,N/A,N/A
imp.realloc,High-Level,Y,N,N,N/A,N/A
imp.sbrk,High-Level,Y,N,N,N/A,N/A
imp.setlocale,High-Level,Y,N,N,N/A,N/A
imp.setrlimit,High-Level,Y,N,N,N/A,N/A
imp.stat,High-Level,Y,N,N,N/A,N/A
imp.strcasecmp,High-Level,Y,N,N,N/A,N/A
imp.strcat,High-Level,Y,N,N,N/A,N/A
imp.strchr,High-Level,Y,N,N,N/A,N/A
imp.strcmp,High-Level,Y,N,N,N/A,N/A
imp.strcpy,High-Level,Y,N,N,N/A,N/A
imp.strdup,High-Level,Y,N,N,N/A,N/A
imp.strerror,High-Level,Y,N,N,N/A,N/A
imp.strlen,High-Level,Y,N,N,N/A,N/A
imp.strncasecmp,High-Level,Y,N,N,N/A,N/A
imp.strncmp,High-Level,Y,N,N,N/A,N/A
imp.strncpy,High-Level,Y,N,N,N/A,N/A
imp.strnlen,High-Level,Y,N,N,N/A,N/A
imp.strrchr,High-Level,Y,N,N,N/A,N/A
imp.strstr,High-Level,Y,N,N,N/A,N/A
imp.sysconf,High-Level,Y,N,N,N/A,N/A
imp.textdomain,High-Level,Y,N,N,N/A,N/A
imp.time,High-Level,Y,N,N,N/A,N/A
imp.towlower,High-Level,Y,N,N,N/A,N/A
imp.umask,High-Level,Y,N,N,N/A,N/A
imp.unlink,High-Level,Y,N,N,N/A,N/A
inflate,High-Level,Y,N,N,N/A,N/A
inflateCopy,High-Level,Y,N,N,N/A,N/A
inflateEnd,High-Level,Y,N,N,N/A,N/A
inflateGetDictionary,High-Level,Y,N,N,N/A,N/A
inflateInit2_,High-Level,Y,N,N,N/A,N/A
inflateInit_,High-Level,Y,N,N,N/A,N/A
inflateReset2,High-Level,Y,N,N,N/A,N/A
inflateResetKeep,High-Level,Y,N,N,N/A,N/A
inflateSetDictionary,High-Level,Y,N,N,N/A,N/A
inflateStateCheck,High-Level,Y,N,N,N/A,N/A
inflateSync,High-Level,Y,N,N,N/A,N/A
inflate_fast,High-Level,Y,N,N,N/A,N/A
inflate_table,High-Level,Y,N,N,N/A,N/A
info_hash_table_newfunc,Low-Level,Y,N,N,N/A,N/A
init_reloc_cookie,High-Level,Y,N,N,N/A,N/A
init_reloc_cookie_for_section,High-Level,Y,N,N,N/A,N/A
insert_arange_in_trie,Low-Level,Y,N,N,N/A,N/A
internal_srec_write_object_contents,High-Level,Y,N,N,N/A,N/A
is_contained_by,High-Level,Y,N,N,N/A,N/A
is_ctor_or_dtor,High-Level,Y,N,N,N/A,N/A
is_debuginfo_file,High-Level,Y,N,N,N/A,N/A
is_default_attr,High-Level,Y,N,N,N/A,N/A
is_designated_init,High-Level,Y,N,Y,N/A,N/A
is_gnu_v3_mangled_ctor,Low-Level,Y,N,N,N/A,N/A
is_gnu_v3_mangled_dtor,Low-Level,Y,N,N,N/A,N/A
is_int_form,High-Level,Y,N,N,N/A,N/A
isoc23_strtoul,High-Level,N,Y,Y,N/A,N/A
iterative_hash,High-Level,Y,N,N,N/A,N/A
java_demangle_v3,High-Level,Y,N,Y,N/A,N/A
lbasename,High-Level,Y,N,N,N/A,N/A
libc_start_main,High-Level,Y,N,N,N/A,N/A
line_info_add_file_name,High-Level,Y,N,N,N/A,N/A
line_info_add_include_dir_stub,Low-Level,Y,N,N,N/A,N/A
list_matching_formats,High-Level,Y,Y,Y,N/A,N/A
list_supported_architectures,Low-Level,Y,N,N,N/A,N/A
list_supported_targets,Low-Level,Y,N,Y,N/A,N/A
local_hash_newfunc,High-Level,Y,N,N,N/A,N/A
longest_match,High-Level,Y,N,N,N/A,N/A
lrealpath,High-Level,Y,N,N,N/A,N/A
lstat,High-Level,N,N,Y,N/A,N/A
main,High-Level,Y,Y,Y,N/A,N/A
make_mapping,High-Level,Y,N,N,N/A,N/A
make_relative_prefix,High-Level,Y,N,N,N/A,N/A
make_temp_file,High-Level,Y,N,N,N/A,N/A
make_temp_file_with_prefix,High-Level,Y,N,N,N/A,N/A
make_tempdir,High-Level,Y,N,N,N/A,N/A
make_tempname,High-Level,Y,N,N,N/A,N/A
malloc,High-Level,N,N,Y,N/A,N/A
mangle_name,High-Level,Y,N,N,N/A,N/A
mangle_style,High-Level,Y,N,N,N/A,N/A
mark_entry,High-Level,Y,N,N,N/A,N/A
memcpy,High-Level,N,N,Y,N/A,N/A
memmove,High-Level,N,N,Y,N/A,N/A
memmove_chk,High-Level,N,N,Y,N/A,N/A
memory_bclose,High-Level,Y,N,N,N/A,N/A
memory_bread,High-Level,Y,N,N,N/A,N/A
memory_bseek,High-Level,Y,N,N,N/A,N/A
memory_bwrite,High-Level,Y,N,N,N/A,N/A
memset,High-Level,N,N,Y,N/A,N/A
merge_sections_remove_hook,Low-Level,Y,N,N,N/A,N/A
message,High-Level,Y,N,N,N/A,N/A
mode_string,High-Level,Y,N,N,N/A,N/A
move_section_contents,Low-Level,Y,N,N,N/A,N/A
munmap,High-Level,N,N,Y,N/A,N/A
next_is_type_qual,High-Level,Y,N,Y,N/A,N/A
non_fatal,High-Level,Y,Y,Y,N/A,N/A
obj._bfd_error_internal,High-Level,Y,N,N,N/A,N/A
obj_attr_v1_size,High-Level,Y,N,N,N/A,N/A
objalloc_alloc,High-Level,Y,N,Y,N/A,N/A
objalloc_create,High-Level,Y,N,N,N/A,N/A
objalloc_free,High-Level,Y,N,Y,N/A,N/A
objalloc_free_block,High-Level,Y,N,N,N/A,N/A
offset_adjust,High-Level,Y,N,N,N/A,N/A
offset_from_vma,High-Level,Y,N,N,N/A,N/A
on_needed_list,High-Level,Y,N,N,N/A,N/A
opncls_bread,High-Level,Y,N,N,N/A,N/A
out,High-Level,Y,N,N,N/A,N/A
parse_die,High-Level,Y,N,N,N/A,N/A
parse_hex_nibbles,High-Level,Y,N,Y,N/A,N/A
parse_ident,High-Level,Y,N,Y,N/A,N/A
parse_integer,High-Level,Y,N,Y,N/A,N/A
parse_vma,High-Level,Y,N,N,N/A,N/A
pass_over.constprop.0,Low-Level,Y,N,N,N/A,N/A
pe_ILF_cleanup,High-Level,Y,N,N,N/A,N/A
pe_ILF_make_a_section,Low-Level,Y,N,N,N/A,N/A
pe_ILF_make_a_symbol,High-Level,Y,N,N,N/A,N/A
pe_ILF_make_a_symbol_reloc,Low-Level,Y,N,N,N/A,N/A
pe_ILF_save_relocs,High-Level,Y,N,N,N/A,N/A
pe_bfd_object_p,High-Level,Y,N,N,N/A,N/A
pe_mkobject,High-Level,Y,N,N,N/A,N/A
pe_mkobject_hook,High-Level,Y,N,N,N/A,N/A
pe_print_debugdata,High-Level,Y,N,N,N/A,N/A
pex64_bfd_print_pdata,High-Level,Y,N,N,N/A,N/A
pex64_bfd_print_pdata_section,High-Level,Y,N,N,N/A,N/A
pex64_get_runtime_function,Low-Level,Y,N,N,N/A,N/A
pex64_get_section_by_rva,Low-Level,Y,N,N,N/A,N/A
pex64_link_add_symbols,Low-Level,Y,N,N,N/A,N/A
pex64_print_all_pdata_sections,High-Level,Y,N,N,N/A,N/A
place_sections,High-Level,Y,N,N,N/A,N/A
pqdownheap,High-Level,Y,N,N,N/A,N/A
print_and_clear_messages,High-Level,Y,N,Y,N/A,N/A
print_arelt_descr,High-Level,Y,N,N,N/A,N/A
print_ident,High-Level,Y,N,Y,N/A,N/A
print_lifetime_from_index,High-Level,Y,N,Y,N/A,N/A
print_str,High-Level,Y,N,Y,N/A,N/A
print_version,High-Level,Y,Y,Y,N/A,N/A
printf_chk,High-Level,N,Y,Y,N/A,N/A
putchar,High-Level,N,Y,Y,N/A,N/A
puts,High-Level,N,Y,Y,N/A,N/A
read_3_bytes,High-Level,Y,N,N,N/A,N/A
read_address,High-Level,Y,N,N,N/A,N/A
read_attribute_value,High-Level,Y,N,N,N/A,N/A
read_buf,High-Level,Y,N,N,N/A,N/A
read_formatted_entries,High-Level,Y,N,N,N/A,N/A
read_indexed_address,High-Level,Y,N,N,N/A,N/A
read_indexed_string,High-Level,Y,N,N,N/A,N/A
read_rangelist,High-Level,Y,N,N,N/A,N/A
read_reloc,High-Level,Y,N,N,N/A,N/A
read_section,High-Level,Y,N,N,N/A,N/A
read_uleb128,High-Level,Y,N,N,N/A,N/A
read_value,High-Level,Y,N,N,N/A,N/A
realloc,High-Level,N,N,Y,N/A,N/A
reconcat,High-Level,Y,N,N,N/A,N/A
report,High-Level,Y,N,Y,N/A,N/A
report_isa_level,High-Level,Y,N,N,N/A,N/A
resolve_section,High-Level,Y,N,N,N/A,N/A
resolve_symbol,High-Level,Y,N,N,N/A,N/A
rflags,High-Level,Y,N,N,N/A,N/A
rsrc_compute_region_sizes,Low-Level,Y,N,N,N/A,N/A
rsrc_count_directory,High-Level,Y,N,N,N/A,N/A
rsrc_parse_directory,High-Level,Y,N,N,N/A,N/A
rsrc_parse_entries,High-Level,Y,N,N,N/A,N/A
rsrc_print_name,High-Level,Y,N,N,N/A,N/A
rsrc_print_resource_directory,High-Level,Y,N,N,N/A,N/A
rsrc_print_resource_entries,High-Level,Y,N,N,N/A,N/A
rsrc_sort_entries,High-Level,Y,N,N,N/A,N/A
rsrc_write_directory,High-Level,Y,N,N,N/A,N/A
rsrc_write_entry,High-Level,Y,N,N,N/A,N/A
rust_demangle,High-Level,Y,N,Y,N/A,N/A
rust_demangle_callback,Low-Level,Y,N,Y,N/A,N/A
sbrk,High-Level,N,N,Y,N/A,N/A
scan_tree,High-Level,Y,N,N,N/A,N/A
send_tree,High-Level,Y,N,N,N/A,N/A
separate_alt_debug_file_exists,High-Level,Y,N,N,N/A,N/A
separate_debug_file_exists,High-Level,Y,N,N,N/A,N/A
set_default_bfd_target,Low-Level,Y,Y,Y,N/A,N/A
set_symbol_from_hash,High-Level,Y,N,N,N/A,N/A
setlocale,High-Level,N,Y,Y,N/A,N/A
sframe_calc_fre_type,High-Level,Y,N,N,N/A,N/A
sframe_decode,High-Level,Y,N,N,N/A,N/A
sframe_decode_fre,High-Level,Y,N,N,N/A,N/A
sframe_decode_fre_start_address,Low-Level,Y,N,N,N/A,N/A
sframe_decoder_free,High-Level,Y,N,N,N/A,N/A
sframe_decoder_get_abi_arch,Low-Level,Y,N,N,N/A,N/A
sframe_decoder_get_fixed_fp_offset,Low-Level,Y,N,N,N/A,N/A
sframe_decoder_get_fixed_ra_offset,Low-Level,Y,N,N,N/A,N/A
sframe_decoder_get_fre,Low-Level,Y,N,N,N/A,N/A
sframe_decoder_get_funcdesc_v2,Low-Level,Y,N,N,N/A,N/A
sframe_decoder_get_hdr_size,Low-Level,Y,N,N,N/A,N/A
sframe_decoder_get_num_fidx,Low-Level,Y,N,N,N/A,N/A
sframe_decoder_get_version,Low-Level,Y,N,N,N/A,N/A
sframe_encode,High-Level,Y,N,N,N/A,N/A
sframe_encoder_add_fre,Low-Level,Y,N,N,N/A,N/A
sframe_encoder_add_funcdesc,Low-Level,Y,N,N,N/A,N/A
sframe_encoder_add_funcdesc_v2,Low-Level,Y,N,N,N/A,N/A
sframe_encoder_free,High-Level,Y,N,N,N/A,N/A
sframe_encoder_get_abi_arch,Low-Level,Y,N,N,N/A,N/A
sframe_encoder_get_num_fidx,Low-Level,Y,N,N,N/A,N/A
sframe_encoder_get_version,Low-Level,Y,N,N,N/A,N/A
sframe_encoder_write,High-Level,Y,N,N,N/A,N/A
sframe_fde_create_func_info,Low-Level,Y,N,N,N/A,N/A
sframe_find_fre,High-Level,Y,N,N,N/A,N/A
sframe_fre_start_addr_size,Low-Level,Y,N,N,N/A,N/A
skip_cfa_op,High-Level,Y,N,N,N/A,N/A
slide_hash,High-Level,Y,N,N,N/A,N/A
snprintf_chk,High-Level,N,N,Y,N/A,N/A
sort_x64_pdata,High-Level,Y,N,N,N/A,N/A
splay_tree_delete,High-Level,Y,N,N,N/A,N/A
splay_tree_foreach,High-Level,Y,N,N,N/A,N/A
splay_tree_insert,High-Level,Y,N,N,N/A,N/A
splay_tree_lookup,High-Level,Y,N,N,N/A,N/A
splay_tree_new,High-Level,Y,N,N,N/A,N/A
splay_tree_predecessor,Low-Level,Y,N,N,N/A,N/A
splay_tree_remove,High-Level,Y,N,N,N/A,N/A
splay_tree_splay,High-Level,Y,N,N,N/A,N/A
splay_tree_successor,High-Level,Y,N,N,N/A,N/A
split_directories,High-Level,Y,N,N,N/A,N/A
sprintf_chk,High-Level,N,N,Y,N/A,N/A
srec_bad_byte,High-Level,Y,N,N,N/A,N/A
srec_canonicalize_symtab,Low-Level,Y,N,N,N/A,N/A
srec_get_section_contents,Low-Level,Y,N,N,N/A,N/A
srec_mkobject,High-Level,Y,N,N,N/A,N/A
srec_object_p,High-Level,Y,N,N,N/A,N/A
srec_print_symbol,High-Level,Y,N,N,N/A,N/A
srec_scan,High-Level,Y,N,N,N/A,N/A
srec_set_section_contents,Low-Level,Y,N,N,N/A,N/A
srec_write_record,High-Level,Y,N,N,N/A,N/A
stab_link_includes_newfunc,Low-Level,Y,N,N,N/A,N/A
stack_chk_fail,High-Level,N,Y,Y,N/A,N/A
startswith,High-Level,Y,N,N,N/A,N/A
stash_comp_unit,High-Level,Y,N,N,N/A,N/A
stash_maybe_update_info_hash_tables,Low-Level,Y,N,N,N/A,N/A
stat,High-Level,N,N,Y,N/A,N/A
str_buf_demangle_callback,Low-Level,Y,N,N,N/A,N/A
str_buf_reserve,High-Level,Y,N,Y,N/A,N/A
strchr,High-Level,N,Y,Y,N/A,N/A
strcmp,High-Level,N,Y,Y,N/A,N/A
strerror,High-Level,N,N,Y,N/A,N/A
string_append,High-Level,Y,N,N,N/A,N/A
string_need,High-Level,Y,N,N,N/A,N/A
string_prepend,High-Level,Y,N,N,N/A,N/A
strlen,High-Level,N,N,Y,N/A,N/A
strncmp,High-Level,N,N,Y,N/A,N/A
strrchr,High-Level,N,Y,Y,N/A,N/A
strtab_hash_newfunc,High-Level,Y,N,N,N/A,N/A
styp_to_sec_flags,High-Level,Y,N,N,N/A,N/A
sym_is_global,High-Level,Y,N,N,N/A,N/A
symbolsrec_object_p,High-Level,Y,N,N,N/A,N/A
sysconf,High-Level,N,N,Y,N/A,N/A
tekhex_init,High-Level,Y,N,N,N/A,N/A
tekhex_make_empty_symbol,Low-Level,Y,N,N,N/A,N/A
tekhex_mkobject,High-Level,Y,N,N,N/A,N/A
tekhex_object_p,High-Level,Y,N,N,N/A,N/A
tekhex_print_symbol,High-Level,Y,N,N,N/A,N/A
tekhex_set_arch_mach,High-Level,Y,N,N,N/A,N/A
tekhex_write_object_contents,High-Level,Y,N,N,N/A,N/A
template_in_dir,High-Level,Y,N,N,N/A,N/A
textdomain,High-Level,N,Y,Y,N/A,N/A
tr_align,High-Level,Y,N,N,N/A,N/A
tr_flush_bits,High-Level,Y,N,N,N/A,N/A
tr_flush_block,High-Level,Y,N,N,N/A,N/A
tr_init,High-Level,Y,N,N,N/A,N/A
tr_stored_block,High-Level,Y,N,N,N/A,N/A
try_load_plugin,High-Level,Y,N,N,N/A,N/A
umask,High-Level,N,N,Y,N/A,N/A
uncompress,High-Level,Y,N,N,N/A,N/A
uncompress2,High-Level,Y,N,N,N/A,N/A
unlink,High-Level,N,N,Y,N/A,N/A
unlink_if_ordinary,High-Level,Y,N,Y,N/A,N/A
unwrap_hash_lookup,High-Level,Y,N,N,N/A,N/A
updatewindow,High-Level,Y,N,N,N/A,N/A
usage,High-Level,Y,Y,Y,N/A,N/A
vendor_obj_attrs_v1_size,Low-Level,Y,N,N,N/A,N/A
verilog_mkobject,High-Level,Y,N,N,N/A,N/A
verilog_set_section_contents,Low-Level,Y,N,N,N/A,N/A
verilog_write_object_contents,High-Level,Y,N,N,N/A,N/A
vfprintf_chk,High-Level,N,N,Y,N/A,N/A
write_obj_attr_section_v1,High-Level,Y,N,N,N/A,N/A
write_obj_attr_v1,High-Level,Y,N,N,N/A,N/A
write_reloc,High-Level,Y,N,N,N/A,N/A
write_value,High-Level,Y,N,N,N/A,N/A
writeargv,High-Level,Y,N,N,N/A,N/A
writesym,High-Level,Y,N,N,N/A,N/A
writevalue,High-Level,Y,N,N,N/A,N/A
x2nmodp.constprop.0,High-Level,Y,N,N,N/A,N/A
xcalloc,High-Level,Y,N,N,N/A,N/A
xexit,High-Level,Y,N,Y,N/A,N/A
xmalloc,High-Level,Y,Y,Y,N/A,N/A
xmalloc_failed,High-Level,Y,N,Y,N/A,N/A
xmalloc_set_program_name,Low-Level,Y,Y,Y,N/A,N/A
xrealloc,High-Level,Y,N,Y,N/A,N/A
xstrdup,High-Level,Y,N,Y,N/A,N/A
xstrerror,High-Level,Y,N,N,N/A,N/A
